name,base_unit_fraction,liquidity_cap_frac,max_gross_leverage,n_positions,total_return,annualized_return,annualized_vol,sharpe,max_drawdown,avg_gross_exposure,avg_leverage_vs_initial_capital,avg_n_open_positions,max_n_open_positions,total_transaction_costs,annual_turnover_x_capital,pct_liquidity_capped,final_nav,n_quarters_leverage_capped,total_positions_dropped_by_priority_cap,correlation_to_market,asset_class,source_summary,max_nav_check_diff,trim,tilt_power,beta_target,overlay_cost_bps,avg_net_exposure,avg_net_exposure_pct_of_gross,ml_blend_weight,sweep_search_sharpe,sweep_holdout_sharpe,strategy_variant,hold_horizon_days,n_positions_eligible,n_positions_sized,half_kelly_multiplier,assumed_roundtrip_cost_pct,premium_cap_method,status,source,notes,strategy,max_premium_frac,max_outstanding_premium_frac,avg_premium_outstanding,n_quarters_premium_capped
balanced,,,,34343.0,1.4622255822006338,0.04735190613815732,0.09837092638730147,0.7632092111699125,-0.17533114792058116,20224763.320588227,2.022476332058823,457.78932355338225,825.0,3158624.502462075,16.111896174313905,0.18297760824622195,24622255.822006337,0.0,,,equity,backtest_v2_balanced_summary.json,2.60770320892334e-08,,,,,,,,,,,,,,,,,,,,,,,,
balanced_aggressive,0.009000000000000001,0.05,6.0,34343.0,3.8527312331715824,0.08448059970928123,0.12261075925522624,0.7231122824776404,-0.37451444968133274,75355639.32953903,7.535563932953903,457.78932355338225,825.0,10435731.753811244,65.06114179814217,0.46976094109425504,48527312.33171582,0.0,0.0,0.0017455262988177289,equity,backtest_v2_balanced_aggressive_summary.json,,,,,,,,,,,,,,,,,,,,,,,,,
extreme,,,,34343.0,1.5432376367219407,0.049094205939049784,0.1041976827824803,0.7604501190031218,-0.18479505253775402,22103456.011446882,2.210345601144688,457.78932355338225,825.0,3476377.3974800548,17.75578473313298,0.34956177386949305,25432376.367219407,12.0,,,equity,backtest_v2_extreme_summary.json,2.2351741790771484e-08,,,,,,,,,,,,,,,,,,,,,,,,
extreme_aggressive,0.009000000000000001,0.05,6.0,34343.0,4.8861263350082895,0.09528389560265871,0.12241865800582463,0.8048898061190969,-0.36200826270463426,90903683.4043176,9.09036834043176,457.78932355338225,825.0,12287333.995262038,78.5682522583269,0.5175144862126198,58861263.3500829,0.0,0.0,0.07885381532548875,equity,backtest_v2_extreme_aggressive_summary.json,,,,,,,,,,,,,,,,,,,,,,,,,
rankweighted,,,,173415.0,1.0996808339894808,0.0388213761505698,0.06452376845497551,0.8750702486702858,-0.13962889570946585,20066061.95199777,2.0066061951997773,1934.0941320293398,3547.0,3577067.750407052,17.72454829520834,0.9932012801660756,20996808.33989481,70.0,,,equity,backtest_v2_rankweighted_summary.json,2.60770320892334e-08,,,,,,,,,,,,,,,,,,,,,,,,
rankweighted_aggressive,0.005,0.05,6.0,173406.0,6.424780734098265,0.10842172055631272,0.12397370707771427,0.8925608150533705,-0.38758628402997297,176501479.6440672,17.65014796440672,1934.0201711491443,3547.0,27826091.000838935,162.35125759289411,0.23841074878182394,74247807.34098265,2.0,466.0,0.028848960141854337,equity,backtest_v2_rankweighted_aggressive_summary.json,,,,,,,,,,,,,,,,,,,,,,,,,
strategy4_aggressive,0.007,0.05,6.0,119130.0,6.237194787439306,0.10696633774400177,0.12252679351364607,0.8909021448194924,-0.399984254089492,150929415.23424414,15.092941523424415,1406.0562347188263,2586.0,23515857.457737997,137.28779263035918,0.21794539111380215,72371947.87439306,0.0,0.0,0.030623118520625006,equity,backtest_v2_strategy4_aggressive_summary.json,,,,,,,,,,,,,,,,,,,,,,,,,
strategy4_tilted,0.002,0.05,,119130.0,1.7147442313906933,0.05261535259622896,0.08642794704408607,1.018687882292674,-0.13069567778981514,24912033.863095053,2.4912033863095053,1406.0562347188263,2586.0,4456823.176114276,21.02552138790838,0.08520600870743592,27147442.313906934,46.0,6763.0,,equity,backtest_v2_strategy4_summary.json,,0.15,1.0,,,,,,,,,,,,,,,,,,,,,,
strategy5_aggressive,0.012,0.05,6.0,119130.0,8.327064186742673,0.12147941467617285,0.12203228165075694,1.0007671387969284,-0.3645528915602848,247165785.00117463,24.716578500117464,1406.0562347188263,2586.0,35095802.02897972,230.47785563026085,0.2790185393420408,93270641.86742672,12.0,2502.0,-0.02362612778938468,equity,backtest_v2_strategy5_aggressive_summary.json,,,,,,,,,,,,,,,,,,,,,,,,,
strategy5_size_sector_neutral,0.0015,0.05,,119130.0,1.1709851638994582,0.040604165005516446,0.05134982447972894,1.1708692917633894,-0.10831499898947901,15922134.74908865,1.592213474908865,1406.0562347188263,2586.0,2848909.235899073,13.601607996550939,0.03149669867081856,21709851.638994582,0.0,0.0,,equity,backtest_v2_strategy5_summary.json,,0.15,1.0,,,,,,,,,,,,,,,,,,,,,,
strategy6_aggressive,0.012,0.05,6.0,119130.0,8.327064186742673,0.12147941467617285,0.12203228165075694,1.0007671387969284,-0.3645528915602848,247165785.00117463,24.716578500117464,1406.0562347188263,2586.0,35095802.02897972,230.47785563026085,0.2790185393420408,93270641.86742672,12.0,2502.0,-0.02362612778938468,equity,backtest_v2_strategy6_aggressive_summary.json,,,,,,,,,,,,,,,,,,,,,,,,,
strategy6_beta050_overlay,,,,,,0.10080086794805387,0.10513256946598137,0.9662217527227911,-0.23226198248668525,,,,,,,,64912422.77596689,,,,equity,backtest_v2_strategy6_beta050_summary.json,,,,0.5,2.0,,,,,,,,,,,,,,,,,,,,
strategy6_beta_aggressive_overlay,,,,,,0.15005573987008036,0.1369751519907677,1.0894575088925291,-0.3698196649604117,,,,,,,,152255385.9134822,,,,equity,backtest_v2_strategy6_beta_aggressive_summary.json,,,,0.5,2.0,,,,,,,,,,,,,,,,,,,,
strategy6_leverage25x,0.003,0.05,,119130.0,2.4048037354128526,0.06492771889104043,0.12084947947795689,1.02171751966166,-0.16625828046264454,40002725.772588246,4.000272577258825,1406.0562347188263,2586.0,6845799.205628588,35.102086636041385,0.07249661217311075,34048037.354128525,0.0,0.0,,equity,backtest_v2_strategy6_summary.json,,0.15,1.0,,,,,,,,,,,,,,,,,,,,,,
strategy7_aggressive,0.006,0.05,6.0,119130.0,7.745131250659768,0.11777592275203719,0.11846846488284447,0.9993121229155896,-0.32971575854559537,131759920.92599487,13.175992092599488,1406.0562347188263,2586.0,20288248.36467658,119.51496764088466,0.18144912493152265,87451312.50659768,0.0,0.0,0.6646895536111563,equity,backtest_v2_strategy7_aggressive_summary.json,,,,,,,,,,,,,,,,,,,,,,,,,
strategy7_unconstrained_net_exposure,0.003,0.05,2.5,119130.0,2.9420102442902265,0.07296850653448073,0.06556009054156355,1.1072135888505676,-0.15538928129550095,43333588.14353028,,1406.0562347188263,2586.0,7413490.928322984,38.081856407035765,0.07867831502465185,39420102.44290227,0.0,,0.5206650321004815,equity,backtest_v2_strategy7_summary.json,,0.15,1.0,,,4202644.993343193,,,,,,,,,,,,,,,,,,,
strategy8_gpu_ml_signal,0.002,0.05,1.5,120016.0,0.9582356522697285,0.03510815725854188,0.037709253901231844,0.9340072296609883,-0.12929951368313672,16210746.101639146,1.6210746101639146,1395.189282803586,2915.0,2836060.0654542255,13.825368572865123,0.4025970529036775,19582356.522697285,60.0,55679.0,,equity,backtest_v2_strategy8_summary.json,,0.1,1.5,,,,,0.0,1.1376139308183253,0.4239011197048135,,,,,,,,,,,,,,,
backtest_options_optimal_cap30_h10d,,,,,1.2680870463749978,0.0503143014172962,0.02718107698227343,1.8197142139519116,-0.06695448979658634,,,,,,,,22680870.46374998,,,,options,backtest_options_optimal_cap30_h10d_summary.json,,,,,,,,,,,,10.0,83763.0,81390.0,0.5,0.03,,,,,backtest_options_optimal_cap30_h10d,0.3,0.2917237458921711,,
backtest_options_optimal_cap30_h1d,,,,,-0.029656473500000127,-0.0018029612025148856,0.00686045764476278,-0.25961513219556104,-0.05896941709559554,,,,,,,,9703435.264999999,,,,options,backtest_options_optimal_cap30_h1d_summary.json,,,,,,,,,,,,1.0,83882.0,78603.0,0.5,0.03,,,,,backtest_options_optimal_cap30_h1d,0.3,0.2876071048338668,,
backtest_options_optimal_cap30_h20d,,,,,2.843902463249997,0.08405909590795435,0.03438624325033729,2.364728593038081,-0.12550144798369484,,,,,,,,38439024.63249997,,,,options,backtest_options_optimal_cap30_h20d_summary.json,,,,,,,,,,,,20.0,83127.0,81207.0,0.5,0.03,,,,,backtest_options_optimal_cap30_h20d,0.3,0.2926451686844437,,
backtest_options_optimal_cap30_h40d,,,,,5.440768862125009,0.11812428916157813,0.03965913833586143,2.8357211959273654,-0.1493757259092453,,,,,,,,64407688.621250086,,,,options,backtest_options_optimal_cap30_h40d_summary.json,,,,,,,,,,,,40.0,81695.0,79218.0,0.5,0.03,,,,,backtest_options_optimal_cap30_h40d,0.3,0.2999804354085332,,
backtest_options_optimal_cap30_h5d,,,,,0.5760584701250003,0.027644874331518077,0.01690989621224581,1.6211541879918867,-0.04665398904982656,,,,,,,,15760584.701250004,,,,options,backtest_options_optimal_cap30_h5d_summary.json,,,,,,,,,,,,5.0,83841.0,80627.0,0.5,0.03,,,,,backtest_options_optimal_cap30_h5d,0.3,0.2894072283939473,,
backtest_options_optimal_cap30_h60d,,,,,5.882442451875002,0.12257852495581334,0.03334215211835233,3.485360427474873,-0.17392677325595968,,,,,,,,68824424.51875001,,,,options,backtest_options_optimal_cap30_h60d_summary.json,,,,,,,,,,,,60.0,81605.0,74926.0,0.5,0.03,,,,,backtest_options_optimal_cap30_h60d,0.3,0.29254490236253683,,
backtest_options_optimal_cap40_h10d,,,,,1.8998615323749979,0.06589945275796016,0.03658773835612078,1.7626732862420427,-0.09371195500509093,,,,,,,,28998615.323749978,,,,options,backtest_options_optimal_cap40_h10d_summary.json,,,,,,,,,,,,10.0,83763.0,82618.0,0.5,0.03,,,,,backtest_options_optimal_cap40_h10d,0.4,0.3919067601080034,,
backtest_options_optimal_cap40_h1d,,,,,-0.05906977512500025,-0.0036430495550456854,0.0092900990729991,-0.3882185562605201,-0.09502411439606412,,,,,,,,9409302.248749997,,,,options,backtest_options_optimal_cap40_h1d_summary.json,,,,,,,,,,,,1.0,83882.0,80813.0,0.5,0.03,,,,,backtest_options_optimal_cap40_h1d,0.4,0.3887300629839141,,
backtest_options_optimal_cap40_h20d,,,,,4.769103747749989,0.1107672089423295,0.046096926509097254,2.3023216425951825,-0.17096490040616916,,,,,,,,57691037.477499895,,,,options,backtest_options_optimal_cap40_h20d_summary.json,,,,,,,,,,,,20.0,83127.0,82122.0,0.5,0.03,,,,,backtest_options_optimal_cap40_h20d,0.4,0.39522333288494377,,
backtest_options_optimal_cap40_h40d,,,,,10.258818726999984,0.156190885654113,0.05255268894525533,2.7886355431587213,-0.19058329235019472,,,,,,,,112588187.26999983,,,,options,backtest_options_optimal_cap40_h40d_summary.json,,,,,,,,,,,,40.0,81695.0,80426.0,0.5,0.03,,,,,backtest_options_optimal_cap40_h40d,0.4,0.3999881409338489,,
backtest_options_optimal_cap40_h5d,,,,,0.7955947593749992,0.03570956575140505,0.022838951397231726,1.5477391898959965,-0.067598533988114,,,,,,,,17955947.593749993,,,,options,backtest_options_optimal_cap40_h5d_summary.json,,,,,,,,,,,,5.0,83841.0,82259.0,0.5,0.03,,,,,backtest_options_optimal_cap40_h5d,0.4,0.3905107784241306,,
backtest_options_optimal_cap40_h60d,,,,,10.541439969,0.15791040627657926,0.04503093935592488,3.2793201963791914,-0.2385825375724861,,,,,,,,115414399.69000001,,,,options,backtest_options_optimal_cap40_h60d_summary.json,,,,,,,,,,,,60.0,81605.0,76825.0,0.5,0.03,,,,,backtest_options_optimal_cap40_h60d,0.4,0.39510902784663904,,
backtest_options_optimal_h10d,,,,,0.7714933683750015,0.03487094653426759,0.01768288792844029,1.9473531696830402,-0.041105650427800136,,,,,,,,17714933.683750015,,,,options,backtest_options_optimal_h10d_summary.json,,,,,,,,,,,,10.0,83763.0,77442.0,0.5,0.03,,,,,backtest_options_optimal_h10d,0.2,0.190033228973142,,
backtest_options_optimal_h1d,,,,,-0.0018810981249999254,-0.00011285831756246978,0.0044102891845687105,-0.02338819891484964,-0.03292590821148984,,,,,,,,9981189.01875,,,,options,backtest_options_optimal_h1d_summary.json,,,,,,,,,,,,1.0,83882.0,73464.0,0.5,0.03,,,,,backtest_options_optimal_h1d,0.2,0.18746345304146553,,
backtest_options_optimal_h20d,,,,,1.5369843261250011,0.057391914423623014,0.022478933732762753,2.4940452377553393,-0.07593291711196964,,,,,,,,25369843.26125001,,,,options,backtest_options_optimal_h20d_summary.json,,,,,,,,,,,,20.0,83127.0,78119.0,0.5,0.03,,,,,backtest_options_optimal_h20d,0.2,0.19096903835234416,,
backtest_options_optimal_h40d,,,,,2.657198891625005,0.08082844410205481,0.02638407858778042,2.9596421722104576,-0.10345448601827709,,,,,,,,36571988.91625005,,,,options,backtest_options_optimal_h40d_summary.json,,,,,,,,,,,,40.0,81695.0,75323.0,0.5,0.03,,,,,backtest_options_optimal_h40d,0.2,0.19996227945518338,,
backtest_options_optimal_h5d,,,,,0.383022519875,0.019627911395993625,0.010988045230968867,1.7745390756467505,-0.027464740987127163,,,,,,,,13830225.19875,,,,options,backtest_options_optimal_h5d_summary.json,,,,,,,,,,,,5.0,83841.0,76011.0,0.5,0.03,,,,,backtest_options_optimal_h5d,0.2,0.1895052040277613,,
backtest_options_optimal_h60d,,,,,2.9486311284999998,0.08580726630678837,0.021844933098782195,3.780068142477485,-0.10283883168630535,,,,,,,,39486311.285,,,,options,backtest_options_optimal_h60d_summary.json,,,,,,,,,,,,60.0,81605.0,70167.0,0.5,0.03,,,,,backtest_options_optimal_h60d,0.2,0.18967185451760446,,
backtest_options_v1_h10d,,,,,0.42137605124999955,0.02130115180925185,0.03639821978437647,0.5971854527878055,-0.10535899834301858,,,,,,,,14213760.512499996,,,,options,backtest_options_v1_h10d_summary.json,,,,,,,,,,,,10.0,101212.0,2061.0,,0.03,,,,,backtest_options_v1_h10d,,,2278521.51119403,67.0
backtest_options_v1_h1d,,,,,-0.15589235074999985,-0.010107412956298245,0.012918084841975456,-0.7799363171967261,-0.1590542357499998,,,,,,,,8441076.492500002,,,,options,backtest_options_v1_h1d_summary.json,,,,,,,,,,,,1.0,101326.0,2056.0,,0.03,,,,,backtest_options_v1_h1d,,,1791213.9962686568,67.0
backtest_options_v1_h20d,,,,,0.6144130908749997,0.02912707715764573,0.049557548974554666,0.6040087956456792,-0.13991028310063675,,,,,,,,16144130.908749998,,,,options,backtest_options_v1_h20d_summary.json,,,,,,,,,,,,20.0,100570.0,2086.0,,0.03,,,,,backtest_options_v1_h20d,,,2583549.7966417912,67.0
backtest_options_v1_h40d,,,,,1.141887439749999,0.04671612331223374,0.06679708170537248,0.7167987192981973,-0.19397185847109577,,,,,,,,21418874.39749999,,,,options,backtest_options_v1_h40d_summary.json,,,,,,,,,,,,40.0,99370.0,2012.0,,0.03,,,,,backtest_options_v1_h40d,,,2839097.563432836,66.0
backtest_options_v1_h5d,,,,,0.13782153237500006,0.007769586658010086,0.025848749856420584,0.3123002603479077,-0.13081584190270196,,,,,,,,11378215.32375,,,,options,backtest_options_v1_h5d_summary.json,,,,,,,,,,,,5.0,101285.0,2056.0,,0.03,,,,,backtest_options_v1_h5d,,,2021052.8861940298,67.0
backtest_options_v1_h60d,,,,,3.5506597048749997,0.09508263716758458,0.09156496164411218,1.0374047010046685,-0.25897545428902274,,,,,,,,45506597.04875,,,,options,backtest_options_v1_h60d_summary.json,,,,,,,,,,,,60.0,99294.0,2007.0,,0.03,,,,,backtest_options_v1_h60d,,,4330515.087686568,66.0
options_aggressive_overlap_60d,,,,,9.766193717499998,0.15309426599522524,0.04026983752673498,3.558440043328052,-0.21361150446038443,,,,,,,,107661937.17499998,,,,options,backtest_options_aggressive_overlap_h60d_summary.json,,,,,,,,,,,aggressive_overlap,60.0,81605.0,78522.0,0.5,0.03,per_entry_quarter; overlapping open positions not deducted,historical_aggressive_variant_not_properly_capped,git:HEAD:data/backtest_options_optimal_h60d_summary.json,"Preserved for comparison. The 20% premium budget was applied to each new quarter independently, so outstanding premium could exceed 20% while 60-day positions overlapped.",backtest_options_aggressive_overlap_h60d,,,,
