quarter,trailing_nav_used,base_unit,n_new_positions,gross_requested,scale_applied,quarter_realized_pnl,nav_after_quarter,full_series_nav_at_quarter_end
1995Q1,10000000.0,30000.0,0,0.0,1.0,0.0,10000000.0,10000000.0
1995Q2,10000000.0,30000.0,0,0.0,1.0,0.0,10000000.0,10000000.0
1995Q3,10000000.0,30000.0,0,0.0,1.0,0.0,10000000.0,10000000.0
1995Q4,10000000.0,30000.0,0,0.0,1.0,0.0,10000000.0,10000000.0
1996Q1,10000000.0,30000.0,101,9371408.572320208,1.0,70169.42049810877,10070169.420498108,10070169.420498108
1996Q2,10070169.420498108,30210.508261494328,151,10590122.418267615,1.0,7841.365126424558,10078010.785624534,10078010.785624534
1996Q3,10078010.785624534,30234.032356873602,381,12116783.642553594,1.0,113414.49397031912,10191425.279594854,10191425.279594852
1996Q4,10191425.279594854,30574.27583878456,428,12823328.486702563,1.0,200079.5523119541,10391504.831906807,10391504.831906807
1997Q1,10391504.831906807,31174.51449572042,432,12499413.04110542,1.0,-344450.4253824662,10047054.40652434,10047054.40652434
1997Q2,10047054.40652434,30141.16321957302,423,12455411.610108841,1.0,576375.6641280248,10623430.070652364,10623430.070652366
1997Q3,10623430.070652364,31870.290211957094,439,13016050.069894157,1.0,504417.4107064683,11127847.481358832,11127847.481358834
1997Q4,11127847.481358832,33383.5424440765,458,13828813.670865513,1.0,632305.7227938456,11760153.204152677,11760153.204152677
1998Q1,11760153.204152677,35280.459612458035,509,14639598.059076283,1.0,211493.4719408138,11971646.67609349,11971646.676093493
1998Q2,11971646.67609349,35914.94002828047,428,14755284.994025681,1.0,561526.1980831614,12533172.874176651,12533172.874176651
1998Q3,12533172.874176651,37599.518622529955,422,15258485.72374909,1.0,158326.22824308943,12691499.102419741,12691499.102419741
1998Q4,12691499.102419741,38074.497307259226,459,15834685.060201222,1.0,856925.0883676641,13548424.190787405,13548424.190787405
1999Q1,13548424.190787405,40645.27257236221,476,16138647.80237031,1.0,343075.4442804581,13891499.635067863,13891499.635067863
1999Q2,13891499.635067863,41674.49890520359,461,16562073.359978992,1.0,670556.0167776754,14562055.651845539,14562055.651845537
1999Q3,14562055.651845539,43686.16695553662,473,17293979.29434049,1.0,523348.9737407511,15085404.62558629,15085404.625586286
1999Q4,15085404.62558629,45256.21387675887,451,17622145.03219401,1.0,379227.94952188287,15464632.575108172,15464632.575108167
2000Q1,15464632.575108172,46393.89772532452,464,18269623.43911981,1.0,380952.6054667796,15845585.180574952,15845585.180574946
2000Q2,15845585.180574952,47536.75554172486,428,19276572.934963115,1.0,711170.5212915574,16556755.70186651,16556755.701866504
2000Q3,16556755.70186651,49670.26710559953,421,18690470.876263957,1.0,308779.66966771823,16865535.37153423,16865535.37153422
2000Q4,16865535.37153423,50596.606114602684,380,19714200.869641237,1.0,-730813.1688439706,16134722.202690259,16134722.202690247
2001Q1,16134722.202690259,48404.16660807078,434,18128787.183563545,1.0,-1288255.4672720747,14846466.735418184,14846466.735418169
2001Q2,14846466.735418184,44539.400206254555,425,16617162.959519275,1.0,1037735.2227799445,15884201.958198128,15884201.958198113
2001Q3,15884201.958198128,47652.60587459439,444,17991739.45406673,1.0,629158.7379369033,16513360.696135031,16513360.696135018
2001Q4,16513360.696135031,49540.08208840509,432,18385234.585520662,1.0,-437374.60540458385,16075986.090730447,16075986.090730434
2002Q1,16075986.090730447,48227.95827219134,436,17829159.715370275,1.0,-237578.3820273437,15838407.708703104,15838407.70870309
2002Q2,15838407.708703104,47515.22312610931,447,17185866.752577044,1.0,694104.4513864485,16532512.160089552,16532512.160089538
2002Q3,16532512.160089552,49597.53648026866,391,18436788.506013747,1.0,604193.4228693211,17136705.582958873,17136705.582958855
2002Q4,17136705.582958873,51410.11674887662,435,18842520.537123173,1.0,-1021288.2043506684,16115417.378608204,16115417.378608188
2003Q1,16115417.378608204,48346.252135824616,409,17801800.043198273,1.0,686635.0258287186,16802052.404436924,16802052.40443691
2003Q2,16802052.404436924,50406.15721331077,451,18563549.3642207,1.0,122357.69320250249,16924410.097639427,16924410.097639408
2003Q3,16924410.097639427,50773.230292918284,402,18513441.01077462,1.0,37267.05452612705,16961677.152165554,16961677.152165536
2003Q4,16961677.152165554,50885.03145649666,470,19074247.18120392,1.0,19181.02550447447,16980858.177670028,16980858.177670017
2004Q1,16980858.177670028,50942.57453301008,423,20398278.44449472,1.0,94391.48393990877,17075249.661609937,17075249.661609925
2004Q2,17075249.661609937,51225.748984829814,461,20725041.062288824,1.0,121454.27091684053,17196703.93252678,17196703.932526767
2004Q3,17196703.93252678,51590.111797580335,475,21273930.28318729,1.0,135701.84035336485,17332405.772880144,17332405.77288013
2004Q4,17332405.772880144,51997.21731864043,461,20932611.985143356,1.0,387773.3450611523,17720179.117941298,17720179.117941283
2005Q1,17720179.117941298,53160.53735382389,469,22010883.606862858,1.0,619470.0178650556,18339649.135806352,18339649.135806337
2005Q2,18339649.135806352,55018.94740741906,479,22928413.237606034,1.0,78000.93595767551,18417650.071764026,18417650.071764022
2005Q3,18417650.071764026,55252.950215292076,497,22357461.26162062,1.0,672670.7950075769,19090320.8667716,19090320.86677161
2005Q4,19090320.8667716,57270.96260031481,494,23819681.399977796,1.0,65339.65326289302,19155660.520034496,19155660.520034507
2006Q1,19155660.520034496,57466.981560103486,524,24103404.572611876,1.0,714436.1600059576,19870096.680040453,19870096.680040468
2006Q2,19870096.680040453,59610.290040121356,531,25684417.327527724,1.0,69610.21982303855,19939706.899863493,19939706.899863504
2006Q3,19939706.899863493,59819.12069959048,534,25735069.4088137,1.0,-438672.6249555606,19501034.27490793,19501034.274907947
2006Q4,19501034.27490793,58503.1028247238,512,24562750.95001001,1.0,498943.17448045965,19999977.449388392,19999977.449388407
2007Q1,19999977.449388392,59999.93234816518,535,25647413.172109123,1.0,189390.10361857782,20189367.55300697,20189367.553006988
2007Q2,20189367.55300697,60568.10265902091,570,25688907.435958754,1.0,705999.9052194187,20895367.458226386,20895367.458226405
2007Q3,20895367.458226386,62686.10237467916,560,27158648.90061892,1.0,597206.9027961295,21492574.361022517,21492574.361022532
2007Q4,21492574.361022517,64477.723083067554,540,27818844.24967157,1.0,379848.773947463,21872423.13496998,21872423.13497
2008Q1,21872423.13496998,65617.26940490994,535,26390078.956522435,1.0,58848.91260441099,21931272.04757439,21931272.04757441
2008Q2,21931272.04757439,65793.81614272317,523,26411211.006666984,1.0,986338.9183163407,22917610.96589073,22917610.96589075
2008Q3,22917610.96589073,68752.8328976722,568,27850920.001460373,1.0,-872781.1491158555,22044829.816774875,22044829.81677489
2008Q4,22044829.816774875,66134.48945032463,577,28391293.837514125,1.0,364704.2969037457,22409534.11367862,22409534.113678634
2009Q1,22409534.11367862,67228.60234103586,556,27107869.28351078,1.0,-1124303.65395738,21285230.459721237,21285230.45972126
2009Q2,21285230.459721237,63855.69137916371,521,25205968.9627309,1.0,-341011.860306549,20944218.599414688,20944218.599414706
2009Q3,20944218.599414688,62832.655798244064,555,24701591.638704054,1.0,-82290.48533903016,20861928.114075657,20861928.114075683
2009Q4,20861928.114075657,62585.78434222697,524,24723425.137667544,1.0,217861.73742391422,21079789.851499572,21079789.851499595
2010Q1,21079789.851499572,63239.36955449872,514,26851195.281641476,1.0,52129.97772262388,21131919.829222195,21131919.82922222
2010Q2,21131919.829222195,63395.75948766658,552,27186055.80543088,1.0,8487.983152188943,21140407.812374383,21140407.81237441
2010Q3,21140407.812374383,63421.22343712315,541,27484963.086578026,1.0,394854.64958436415,21535262.461958747,21535262.46195877
2010Q4,21535262.461958747,64605.78738587625,565,27252806.716094054,1.0,142286.5909177583,21677549.052876506,21677549.052876525
2011Q1,21677549.052876506,65032.64715862952,539,27809411.428225454,1.0,487100.16188186524,22164649.21475837,22164649.21475839
2011Q2,22164649.21475837,66493.94764427512,540,28317948.7031117,1.0,479107.18231876346,22643756.397077132,22643756.39707715
2011Q3,22643756.397077132,67931.2691912314,570,30032090.669096224,1.0,-474283.56632049655,22169472.830756634,22169472.830756646
2011Q4,22169472.830756634,66508.4184922699,568,28897180.97651262,1.0,192277.7202095302,22361750.550966166,22361750.55096618
2012Q1,22361750.550966166,67085.2516528985,523,27896047.66896035,1.0,410446.29074576433,22772196.84171193,22772196.841711946
2012Q2,22772196.84171193,68316.59052513579,521,28990052.726468954,1.0,473469.21208547987,23245666.05379741,23245666.053797424
2012Q3,23245666.05379741,69736.99816139223,527,28807163.45890072,1.0,-177569.98403483978,23068096.06976257,23068096.069762573
2012Q4,23068096.06976257,69204.28820928771,512,28243800.167908423,1.0,-216337.01372271602,22851759.05603985,22851759.056039847
2013Q1,22851759.05603985,68555.27716811956,526,29709818.76823044,1.0,172223.44511211672,23023982.501151968,23023982.501151968
2013Q2,23023982.501151968,69071.9475034559,507,30026407.6968522,1.0,616625.3107677348,23640607.811919704,23640607.811919708
2013Q3,23640607.811919704,70921.82343575911,512,30243528.777808815,1.0,892468.3932375902,24533076.205157295,24533076.205157306
2013Q4,24533076.205157295,73599.22861547189,541,31487809.811716486,1.0,-106204.73807619666,24426871.4670811,24426871.467081107
2014Q1,24426871.4670811,73280.6144012433,0,0.0,1.0,279911.8085876156,24706783.275668714,24706783.27566872
2014Q2,24706783.275668714,74120.34982700614,0,0.0,1.0,-84527.45366238157,24622255.822006334,24622255.822006337
