horizon,decile,mean,se,t_stat,n_events,n_quarters
1,1,-0.004739445243047129,0.0005234972417117621,-9.053429255042133,18170,72
1,2,-0.003205556702318638,0.00041576995970025825,-7.709928597606296,18130,72
1,3,-0.002183841918631824,0.00038727008588004987,-5.639066889633791,16874,72
1,4,-0.0011020707293583408,0.00034589228834052625,-3.186167389408136,22408,72
1,5,0.0003079914146563872,0.00035007650955116976,0.8797831509782261,15204,72
1,6,0.00017474022393332978,0.00046022324071225075,0.37968578827722455,19100,72
1,7,0.0012892541584754531,0.0003561552913366769,3.6199213933809262,18361,72
1,8,0.001380654412336444,0.0004418291590998274,3.1248603309690055,17444,72
1,9,0.0026475123621218406,0.00040942296292105956,6.466448152377581,18717,72
1,10,0.0036055673651260852,0.00044320565031814917,8.135201711751368,18173,72
5,1,-0.007854192803273064,0.0011622573799207722,-6.757705254414871,18156,72
5,2,-0.005165844710445841,0.0010546533950311758,-4.898144484988016,18122,72
5,3,-0.0027847969481931303,0.0010395624151801459,-2.678816497718949,16870,72
5,4,-0.0015263920025539424,0.0009858450380151003,-1.5483082469301452,22398,72
5,5,-0.0005607821304294335,0.001006584590464927,-0.5571137644481685,15196,72
5,6,0.00020483555488246073,0.001040205019906858,0.19691844488579963,19093,72
5,7,0.00148246260734121,0.0009180722585084608,1.6147559122957074,18355,72
5,8,0.002824905877616616,0.0009652004114565341,2.9267557743305312,17435,72
5,9,0.004672672484007861,0.0010638216327701212,4.392345803159248,18707,72
5,10,0.007578571338150756,0.001012998836724871,7.481322844015352,18167,72
10,1,-0.006477619754713982,0.002112176396971564,-3.066798665112244,18123,72
10,2,-0.004180715688482822,0.0018640055711826033,-2.2428665198840583,18108,72
10,3,-0.0017551709314106805,0.0016527636473299967,-1.0619612394343985,16858,72
10,4,-0.0007580657761691455,0.0015436057085919741,-0.4911006560481225,22384,72
10,5,0.0001333536649609482,0.0016673216542864202,0.07998076712919612,15186,72
10,6,0.0015054955558098184,0.0016969418574785712,0.8871815785408131,19085,72
10,7,0.0031971722941374118,0.001450936338698398,2.2035234826398535,18343,72
10,8,0.003679753136026795,0.0015066551274333453,2.4423327336332235,17429,72
10,9,0.007836106884342709,0.0017140236076239278,4.571761351178555,18700,72
10,10,0.010536875997232657,0.00152922741266111,6.890326389648444,18153,72
20,1,-0.0038612533946628313,0.003130177440781563,-1.2335573518473535,18080,72
20,2,-0.0015461061787029077,0.0029457180046115043,-0.5248656443972192,18077,72
20,3,0.0015771978706225318,0.00282547715597317,0.5582058475639321,16832,72
20,4,0.0016599030531076514,0.0025166823449254173,0.6595600181543146,22359,72
20,5,0.003692463291950077,0.0027343245701831518,1.3504114808516483,15171,72
20,6,0.004680157594404976,0.0026808393397137675,1.7457807057190808,19069,72
20,7,0.005594861537919622,0.002320844206396719,2.410701038225248,18323,72
20,8,0.007826798056649282,0.0024974845246367736,3.1338724942800544,17406,72
20,9,0.01166766532858497,0.0024800929780645496,4.704527383360583,18686,72
20,10,0.015744167021594004,0.002454168287939268,6.4152760423834545,18118,72
40,1,-0.0006443751835777944,0.005715170470549599,-0.11274820005777153,17963,72
40,2,0.0011421052515678566,0.005296190585684125,0.21564655446029937,17991,72
40,3,0.004166718622059061,0.005070347198599756,0.821781716094266,16764,72
40,4,0.003395093958337967,0.0042981325974205935,0.7898997719091867,22281,72
40,5,0.006607065375394134,0.0040314725293849165,1.6388714860974574,15117,72
40,6,0.007039449809173824,0.00424889225847292,1.6567729612668147,19016,72
40,7,0.008101109539722994,0.0041107987903134455,1.9706898714702819,18271,72
40,8,0.012736212125234918,0.003920417315496301,3.248687856492286,17354,72
40,9,0.016230442768825057,0.0037707128040948374,4.304343399263787,18627,72
40,10,0.02298818114230759,0.004081539854003184,5.63223243300215,18048,72
60,1,0.0019400803754644942,0.008294968174761368,0.2338864157872802,17831,72
60,2,0.002945375620355303,0.007680085701296356,0.38350817099061013,17894,72
60,3,0.009260903017174006,0.007781244565936544,1.190157042192822,16689,72
60,4,0.0061824196669607746,0.0059875874886392766,1.032539345552974,22192,72
60,5,0.011521540454406152,0.005590748738811107,2.0608224394745824,15058,72
60,6,0.01056272047458496,0.005682431892590489,1.8588380246770824,18942,72
60,7,0.012911918599016635,0.005493329796857824,2.3504721319302972,18211,72
60,8,0.02053769221762379,0.005204877260666058,3.9458552409736596,17296,72
60,9,0.024795214054482775,0.005621033296005114,4.411148760158531,18549,72
60,10,0.0323936182292704,0.005534494138754786,5.853040479786051,17971,72
80,1,0.002490680017415871,0.009799390588772723,0.254166827503485,17744,72
80,2,0.003932624370437252,0.00885122136650647,0.44430301848720316,17828,72
80,3,0.013116220013432224,0.009724580272611307,1.3487697819075304,16629,72
80,4,0.005651804960316593,0.006524013148934436,0.8663080271749144,22118,72
80,5,0.01006762075740335,0.006613831938622173,1.5222069219225862,15023,72
80,6,0.0092355526878262,0.006546949867626618,1.4106649469693047,18879,72
80,7,0.014050364868086014,0.006288379651062287,2.2343378815737545,18158,72
80,8,0.019101723231880398,0.005859573586002322,3.2599169464330418,17237,72
80,9,0.026098863830769127,0.006136145373324128,4.253299464551411,18505,72
80,10,0.031216292734066856,0.006370440863624079,4.900177774558011,17920,72
100,1,0.005915961166292107,0.011169377164945494,0.5296590023711476,17636,72
100,2,0.0074380389077384245,0.010195143479160772,0.7295668690629058,17749,72
100,3,0.013562792615452127,0.009854555800746236,1.3762966986726166,16556,72
100,4,0.009661403028906258,0.00776492897646165,1.2442358530507514,22024,72
100,5,0.014916954901268122,0.007367139213044289,2.024796120976796,14973,72
100,6,0.010790796906915418,0.0075187386442620435,1.4351871261212756,18820,72
100,7,0.017534128047085186,0.007277986876958989,2.4092002834733868,18097,72
100,8,0.021017295527954883,0.006706593637326632,3.1338257041517656,17177,72
100,9,0.029250615735851932,0.006950942905664861,4.208150769302585,18427,72
100,10,0.032402076227359675,0.007249069004197616,4.469825878136498,17869,72
120,1,0.007613773032946682,0.01311496302632811,0.5805409453051553,17514,72
120,2,0.0074245706059732535,0.011641103146178661,0.637789263847427,17639,72
120,3,0.015868462006995796,0.011231076168990384,1.4129066322966883,16482,72
120,4,0.009031087698727095,0.009332105557635162,0.9677438433321421,21935,72
120,5,0.016576988950613967,0.008472461024585017,1.956573055044052,14911,72
120,6,0.014401891593528246,0.008536234214204911,1.6871481302097424,18734,72
120,7,0.020017738665745907,0.008003413559807316,2.5011501050344123,18014,72
120,8,0.022832883579542274,0.007145346667480032,3.1954899660025604,17097,72
120,9,0.02937590659679863,0.007164750035393344,4.100060218665521,18349,72
120,10,0.0365389057627357,0.007783939809187812,4.69414032719097,17805,72
150,1,0.01620923305473225,0.016461556568069104,0.9846719529654752,17324,72
150,2,0.013699329476598125,0.013885284733283989,0.9866077462394331,17476,72
150,3,0.02355331171755958,0.014019297733883749,1.6800635926743126,16352,72
150,4,0.014475797755207742,0.011166277758114677,1.2963852475090003,21799,72
150,5,0.02191602878302768,0.010548758126294395,2.0775932598547904,14799,72
150,6,0.02232638783191614,0.010410980367332694,2.1445038838005406,18621,72
150,7,0.02746348160145135,0.010083337574295172,2.723649922369187,17884,72
150,8,0.031001087550016182,0.008512457113189258,3.6418494845610314,16976,72
150,9,0.036264198860130936,0.008600093172530306,4.216721625291571,18237,72
150,10,0.04684231679192616,0.00930648619787683,5.033297830776637,17686,72
180,1,0.019393121165713394,0.017233922341853582,1.1252877192452047,16940,72
180,2,0.011851424272715396,0.014547914486190255,0.8146476447854758,17112,72
180,3,0.024421037594565584,0.014769351552354667,1.6534942314831795,16001,72
180,4,0.017182094108103996,0.012473579788630151,1.3774789915374352,21478,71
180,5,0.02764770004722332,0.010667084118167698,2.5918704437827578,14361,72
180,6,0.025488409848078666,0.011398456162006215,2.236128251564246,18297,71
180,7,0.03157714421241245,0.010757311726939535,2.935412212080255,17421,72
180,8,0.0358677811736031,0.009552213577042336,3.7549182589266272,16656,72
180,9,0.03955317222870791,0.009726820262412042,4.066403116500024,17930,72
180,10,0.05064547636735787,0.009985917174716103,5.071690009165103,17321,72
