w_equity,w_options,w_beta,sharpe,annualized_return,annualized_vol,max_drawdown
0.0,0.0,0.0,,0.0,0.0,0.0
0.0,0.0,0.25,0.41037631838789385,0.02774595754636966,0.07322415678388526,-0.2693492857212675
0.0,0.0,0.5,0.4232759196297144,0.047177927882744664,0.12836248874446055,-0.42156354743025254
0.0,0.0,0.75,0.43544010514896325,0.062214334047986375,0.17286589438544245,-0.5194054155203073
0.0,0.0,1.0,0.44667872769407285,0.07451465458443685,0.21022447991895785,-0.5875935323984789
0.0,0.5,0.0,1.0653394500865707,0.06322268173480561,0.059183340192892,-0.16170610482408976
0.0,0.5,0.25,1.0693352738590205,0.07535782187684537,0.07025177317135207,-0.23236773335121244
0.0,0.5,0.5,0.8965886767723212,0.08566731486059886,0.09691993740280465,-0.2909747327508594
0.0,0.5,0.75,0.7861532596753613,0.094640628045489,0.12496401232400677,-0.3472464262594423
0.0,0.5,1.0,0.7211075885553151,0.10259227654425174,0.15131781626379312,-0.4121929754124065
0.0,1.0,0.0,1.0383971694060687,0.0952722935655419,0.0916518555005729,-0.25897545428902274
0.0,1.0,0.25,1.1151354880251927,0.10315658004218808,0.09180451026006091,-0.30159217758692725
0.0,1.0,0.5,1.067146296086454,0.11024687704296854,0.10296596491929363,-0.34250077393692663
0.0,1.0,0.75,0.9865705634180545,0.11669236454032106,0.11906229289585027,-0.3758918394707437
0.0,1.0,1.0,0.9144427311039106,0.12260346945996581,0.13669877707802325,-0.4043517321360979
0.0,2.0,0.0,0.9940995797930895,0.1338753455078716,0.13549908894955098,-0.3703668727298554
0.0,2.0,0.25,1.0608242867514022,0.1385723754787973,0.13025291068876788,-0.38850900599839366
0.0,2.0,0.5,1.0882088285787577,0.14298442844134418,0.13059667152890417,-0.41046755477966074
0.0,2.0,0.75,1.084565717471599,0.14714503638780085,0.13493686875412145,-0.43111316923676946
0.0,2.0,1.0,1.0623378930705063,0.1510820922045073,0.14190980117242172,-0.44887526226098295
0.0,3.0,0.0,0.9644543841366975,0.1588973694361766,0.16714891499743778,-0.432355640776349
0.0,3.0,0.25,1.0164872216017165,0.1622677733610498,0.16042505289333536,-0.4420985494145011
0.0,3.0,0.5,1.0515278051999688,0.16549182494701542,0.15728160684696596,-0.4522725980250493
0.0,3.0,0.75,1.070328137481051,0.1685820632856696,0.1569819043412725,-0.4666175044805354
0.0,3.0,1.0,1.0755946800715632,0.17154946798109205,0.1588754387177373,-0.4792997984286595
0.0,4.0,0.0,0.9434790309272115,0.17755917676726263,0.19251036128765492,-0.47184203761396687
0.0,4.0,0.25,0.9854741836091024,0.18019781765588871,0.1852677311391457,-0.47738349212989784
0.0,4.0,0.5,1.018367972910532,0.18274724002541198,0.18062760112261478,-0.4834887840842353
0.0,4.0,0.75,1.042040391504519,0.18521345443887993,0.1781409796669706,-0.4912583899507064
0.0,4.0,1.0,1.0571282730022256,0.18760187833938957,0.17741814963698402,-0.5008762097762555
0.5,0.0,0.0,1.2888816209118035,0.04618403870507204,0.03552273261498701,-0.1287627802373872
0.5,0.0,0.25,1.1458373945926454,0.0614204651312007,0.05326501033692251,-0.11454246857629452
0.5,0.0,0.5,0.8897123705470807,0.07385236598867828,0.08406527704835448,-0.19663442843121032
0.5,0.0,0.75,0.7712312694063364,0.0843727877654683,0.11337222437122448,-0.2842333186440524
0.5,0.0,1.0,0.7087216324408936,0.09350394192728628,0.13994937437397648,-0.3553256822186187
0.5,0.5,0.0,1.6116815711600654,0.08510428598191844,0.05150562914158078,-0.10695641521296936
0.5,0.5,0.25,1.5700255287314544,0.0941459121224566,0.058401311192932674,-0.16445522222538347
0.5,0.5,0.5,1.306033294277288,0.10215072169210604,0.07673865696205796,-0.21880094784597834
0.5,0.5,0.75,1.112618239054743,0.10933764440869997,0.09755294497133815,-0.2643678466501109
0.5,0.5,1.0,0.9880276943120962,0.11586237562993973,0.11802458663654684,-0.3019448376020613
0.5,1.0,0.0,1.3959759840022308,0.10985077081665517,0.07677133810772156,-0.19244102599504007
0.5,1.0,0.25,1.4560857754149499,0.11633065982944113,0.0776525323889329,-0.2317790605099437
0.5,1.0,0.5,1.37579640089547,0.1222705212341264,0.08657899402240965,-0.2726470543291611
0.5,1.0,0.75,1.257951621208133,0.12775572636688382,0.09952764547725808,-0.30676065847609507
0.5,1.0,1.0,1.151322737293468,0.13285272520068614,0.11400857564737349,-0.3366014084358111
0.5,2.0,0.0,1.195726871069165,0.1427333431979465,0.11729281438152221,-0.3035654575441476
0.5,2.0,0.25,1.2588883584899322,0.14690785527811667,0.11402033607807834,-0.32484386056230397
0.5,2.0,0.5,1.278865457443751,0.15085731450590067,0.11503051277280801,-0.34690861612114987
0.5,2.0,0.75,1.2656009808282451,0.15460540964953262,0.11920170862752842,-0.36942281084273654
0.5,2.0,1.0,1.2326342613372767,0.15817224434918398,0.12552911071269776,-0.389129277592162
0.5,3.0,0.0,1.1030292361825202,0.16530686881565648,0.14859012910129213,-0.37115243339482745
0.5,3.0,0.25,1.153321423761536,0.16840462502084175,0.1438403215837211,-0.3843735957677757
0.5,3.0,0.5,1.1853173069864122,0.1713789430413295,0.14189073056994142,-0.3963969292192449
0.5,3.0,0.75,1.2002292851776266,0.17423956314698175,0.14221749343980744,-0.4116120024652837
0.5,3.0,1.0,1.2010723713299103,0.17699510620676384,0.14433776054214026,-0.42604530308191163
0.5,4.0,0.0,1.0480278820100655,0.1826003280911832,0.17432975805865636,-0.4167256911790134
0.5,4.0,0.25,1.0888128549151286,0.18507125938022284,0.1689052943418926,-0.4254166630286969
0.5,4.0,0.5,1.1199469740977956,0.18746409791434493,0.16554325057397237,-0.4336053984684222
0.5,4.0,0.75,1.1414921601297172,0.1897837723250182,0.163922337082929,-0.4419527185888521
0.5,4.0,1.0,1.154211699297432,0.19203475465418185,0.1637526460159871,-0.45306697402790985
1.0,0.0,0.0,1.3852837637705986,0.07318362229478703,0.05196794946025795,-0.1662582804626446
1.0,0.0,0.25,1.4170645954358025,0.08379909992389578,0.05798324090860062,-0.12932507977340618
1.0,0.0,0.5,1.2244458300803425,0.09300108485658987,0.07493091890342327,-0.16318358130832786
1.0,0.0,0.75,1.0662929561419745,0.10113028775403832,0.09455509301688078,-0.19824685528716937
1.0,0.0,1.0,0.9596453932368183,0.10841659668531833,0.11405645485370562,-0.24070666021736284
1.0,0.5,0.0,1.7573551495607422,0.10170638073094396,0.05601910608254415,-0.11760780039202232
1.0,0.5,0.25,1.763403715160462,0.10893641102424079,0.05965729941056358,-0.14052066192122328
1.0,0.5,0.5,1.5627086938054777,0.11549642564167506,0.07159637302273898,-0.16897973291596305
1.0,0.5,0.75,1.3659019777117003,0.12150315635550069,0.08672251846795641,-0.21179691195276973
1.0,0.5,1.0,1.2174215551864205,0.12704503715183346,0.102583306751092,-0.24860980504130323
1.0,1.0,0.0,1.6186614960848664,0.12193601985482694,0.07272291907859234,-0.1508254669821127
1.0,1.0,0.25,1.6696343981277606,0.12744585712408685,0.07347276180546149,-0.18341036459434618
1.0,1.0,0.5,1.5919956082186542,0.1325640163420998,0.0802299474970642,-0.2215127091235238
1.0,1.0,0.75,1.46913182928007,0.137343945832475,0.09039956138873434,-0.25508657159903314
1.0,1.0,1.0,1.3496173342262572,0.14182876317742532,0.10216261402862764,-0.28443963283900525
1.0,2.0,0.0,1.3643788305242555,0.15063184759769088,0.10702628556911462,-0.2545580146724798
1.0,2.0,0.25,1.4220751123401438,0.15439114668541865,0.10482239396421451,-0.2760009345789738
1.0,2.0,0.5,1.4364788368812504,0.15796809394229694,0.10602023197498499,-0.2972079383932851
1.0,2.0,0.75,1.417606497137094,0.16138005298071234,0.10980124133010259,-0.3203804909674152
1.0,2.0,1.0,1.3785767919087897,0.1646419985373493,0.11540803982571388,-0.3409427702934122
1.0,3.0,0.0,1.2270696590180143,0.1712080286929054,0.136311172265211,-0.3237541687684026
1.0,3.0,0.25,1.2745832897991827,0.17407505782638233,0.13279386133269286,-0.33785741200799074
1.0,3.0,0.5,1.303367218335475,0.17683653292602775,0.13155164826158577,-0.3512645714595376
1.0,3.0,0.75,1.3149121230932084,0.1795001732117525,0.13219195913388587,-0.3662023883905182
1.0,3.0,1.0,1.3123138042066924,0.18207287338217482,0.13434252300884694,-0.38163221971099376
1.0,4.0,0.0,1.1442068355397264,0.1873260668319554,0.16132826972160927,-0.37227716713665965
1.0,4.0,0.25,1.1832407726555678,0.18964989735917248,0.15711880417020924,-0.38210417584490675
1.0,4.0,0.5,1.212371702429907,0.19190478554323098,0.15460385513525438,-0.3916452691065587
1.0,4.0,0.75,1.2317988698590148,0.19409482394569832,0.15354111267119808,-0.40034303151041795
1.0,4.0,1.0,1.242359430287579,0.1962237478568991,0.1537057180392559,-0.4122087426466119
1.5,0.0,0.0,1.4412866341806805,0.09249458070318473,0.06275551986930372,-0.18413117425208136
1.5,0.0,0.25,1.5064788181785898,0.10067943605357121,0.06509489244765777,-0.14790056044115643
1.5,0.0,0.5,1.4058670683651828,0.10801009725838773,0.07496831058482498,-0.1651715948620345
1.5,0.0,0.75,1.2739390996651587,0.11465231130564435,0.08827778766860292,-0.19009137723944242
1.5,0.0,1.0,1.161184218394253,0.12072748492826069,0.10272004567784043,-0.21252872788967755
1.5,0.5,0.0,1.770499166543402,0.11512858701681306,0.06266904831075197,-0.13452986933000383
1.5,0.5,0.25,1.8059418944417462,0.12116504583357757,0.06449406862098825,-0.15232544106015128
1.5,0.5,0.5,1.687305270759022,0.12673208851939277,0.07228126252602152,-0.16905703426879856
1.5,0.5,0.75,1.5310490818212508,0.1318993334551959,0.08320274069601379,-0.18756241536726934
1.5,0.5,1.0,1.3908074802371804,0.13672185653015112,0.09543658105035682,-0.22003307853875084
1.5,1.0,0.0,1.7287155633588893,0.1322741510233778,0.07343462495372638,-0.14324578731520238
1.5,1.0,0.25,1.7761223409216815,0.13707260758729034,0.07387589811517346,-0.15998466641602033
1.5,1.0,0.5,1.7187862739176847,0.14157366354793233,0.07886232181869894,-0.18270236768600187
1.5,1.0,0.75,1.6129414871246934,0.14581302021618958,0.0867420687324497,-0.2148378944622666
1.5,1.0,1.0,1.4994378014534626,0.14982026060215836,0.09621662326629528,-0.24329787116714768
1.5,2.0,0.0,1.4945067718700207,0.15776337867571777,0.10146929126940818,-0.21648627402362108
1.5,2.0,0.25,1.5463288776019295,0.16118456350891064,0.09987875472534842,-0.2378716932035652
1.5,2.0,0.5,1.5575304868950528,0.16445491599824913,0.10104612831843039,-0.25743858409518267
1.5,2.0,0.75,1.5370805542509671,0.16758754816789811,0.10436431442291368,-0.2804581420780992
1.5,2.0,1.0,1.4966157421776216,0.17059391845275496,0.10925749131923732,-0.3012569068968241
1.5,3.0,0.0,1.3337088172755396,0.17667762452765912,0.12812317446347812,-0.28524937807699735
1.5,3.0,0.25,1.377916093859406,0.17934679527770236,0.12541899912975626,-0.29994933435746507
1.5,3.0,0.5,1.4036906634970288,0.1819246428435508,0.12460847052834975,-0.3137288621138895
1.5,3.0,0.75,1.4126337097444293,0.18441739012882596,0.12538793043516694,-0.32807906962702615
1.5,3.0,1.0,1.4077330888716821,0.18683063915928044,0.1274638390291019,-0.3440275107906591
1.5,4.0,0.0,1.2305751727921959,0.19177459424610666,0.15188825994518437,-0.3351314433734338
1.5,4.0,0.25,1.2675384685045916,0.19396832318407098,0.14852909226462327,-0.3457252226928558
1.5,4.0,0.5,1.2945998532507685,0.19610072803508016,0.14659706520768218,-0.3558595435431805
1.5,4.0,0.75,1.3120549954198946,0.19817524494002847,0.14590274023351815,-0.365413614256855
1.5,4.0,1.0,1.320768942676472,0.2001950264276955,0.14626670439017042,-0.37688833316348713
2.0,0.0,0.0,1.4763998116517516,0.10760125028164835,0.07093826705255077,-0.1945904882776523
2.0,0.0,0.25,1.5437110702895052,0.11428007651500782,0.07177957636248976,-0.16583798738746786
2.0,0.0,0.5,1.4983667388749733,0.12038568395950944,0.07790598523593631,-0.16884149772858342
2.0,0.0,0.75,1.4055219154988183,0.1260111722814059,0.08716041117336397,-0.18814183674095467
2.0,0.0,1.0,1.3078376424066454,0.1312284850276224,0.09797180805547555,-0.20717195830002655
2.0,0.5,0.0,1.7551740963385323,0.12641777355999828,0.06920326682307246,-0.14631149244746938
2.0,0.5,0.25,1.800562986074854,0.13160678685064697,0.07004505057531714,-0.16087101777592136
2.0,0.5,0.5,1.7376585731466616,0.1364481802100066,0.07525671451634405,-0.1738153703002204
2.0,0.5,0.75,1.6269161204407694,0.14098683664755618,0.08321833147913452,-0.18731697081460172
2.0,0.5,1.0,1.5102233044075606,0.14525940206934562,0.092675532947568,-0.20406029749233184
2.0,1.0,0.0,1.7730912717476244,0.14131766860692863,0.07620400976554784,-0.15301732916089447
2.0,1.0,0.25,1.8182677966027418,0.14557147920762636,0.07636496771038674,-0.16630468080483257
2.0,1.0,0.5,1.78252739403064,0.14959158460898037,0.08002341374539237,-0.178411172104806
2.0,1.0,0.75,1.7007842156799045,0.15340302816136164,0.08611478512642026,-0.1910754102356646
2.0,1.0,1.0,1.6034865574141708,0.1570269982441379,0.09372496985482458,-0.21015052831655956
2.0,2.0,0.0,1.5883208173980534,0.1642673618590682,0.09884698750803488,-0.18973644785662003
2.0,2.0,0.25,1.6346653087080119,0.16740772662788395,0.09762249574841979,-0.20704025509344626
2.0,2.0,0.5,1.6445990794454026,0.17042119917544607,0.0986659948127626,-0.22591715632528753
2.0,2.0,0.75,1.6255409407532488,0.17331792709344418,0.10152243399580155,-0.24732823730218292
2.0,2.0,1.0,1.5871703210968078,0.17610687668153968,0.10575178622471335,-0.26800460169798784
2.0,3.0,0.0,1.422154520868256,0.1817761207801929,0.12273874047052283,-0.25334968608091885
2.0,3.0,0.25,1.4628960755718308,0.18427369039626051,0.12059240410037414,-0.26831782870587273
2.0,3.0,0.5,1.4860469036279478,0.18669144939105675,0.1200484598897361,-0.2820206944130734
2.0,3.0,0.75,1.4931868436331406,0.18903448888571384,0.12086717399992264,-0.29561858714344325
2.0,3.0,1.0,1.4870648576494898,0.19130742345616425,0.12281373113650325,-0.31177707944080685
2.0,4.0,0.0,1.3064501501621764,0.19597750986949403,0.14500952045997131,-0.30354837674226054
2.0,4.0,0.25,1.3411869851129752,0.19805532644243673,0.14226618334005786,-0.314659844864938
2.0,4.0,0.5,1.3662293658599147,0.20007823027925387,0.1407462849674118,-0.3249787815739679
2.0,4.0,0.75,1.3819330466721336,0.20204913486458276,0.14029791339637648,-0.3350880930062775
2.0,4.0,1.0,1.3891534094106894,0.2039707256429384,0.14077504506860544,-0.34605132842887837
