cp_type,horizon,decile,mean,se,t_stat,n_events,n_quarters
call,1,1,-0.01561707701546549,0.002673783604071256,-5.840815611138476,11395,67
call,1,2,-0.007372142841193193,0.002493248026649691,-2.9568429463872996,12051,67
call,1,3,-0.005636698138106034,0.002447240366584032,-2.3032874968362793,11214,67
call,1,4,-0.002616165016919373,0.002150289579097558,-1.216657069052688,15564,67
call,1,5,0.005431320737799902,0.0027214330367302053,1.9957576264031907,10702,67
call,1,6,0.0065863702959906775,0.0027666110902903013,2.380663592040892,13345,67
call,1,7,0.013520916143013382,0.0030577376317410254,4.421869294035798,12837,67
call,1,8,0.010972636051169006,0.002459418162965918,4.461476383477884,12231,67
call,1,9,0.016929467437489538,0.002503689572557951,6.761807702938653,13157,67
call,1,10,0.024438166613158667,0.00284104633067439,8.601819107736159,12084,67
call,5,1,-0.019926398331337535,0.007323170504617504,-2.721007017216556,11338,67
call,5,2,-0.0064361054902766935,0.007604630484089757,-0.8463403322149805,11984,67
call,5,3,0.001748365611867311,0.007987417105365047,0.21888998518594402,11182,67
call,5,4,-0.0014942350581993301,0.007331913993906419,-0.20379877061312973,15532,67
call,5,5,0.013974338868946199,0.00825569932570166,1.6926899003505687,10671,67
call,5,6,0.017822469137064933,0.008466288235384358,2.1051101310934537,13301,67
call,5,7,0.0267154635738997,0.0076192373043909925,3.5063173000929484,12815,67
call,5,8,0.027362086039430838,0.008180620755391456,3.3447444708151024,12179,67
call,5,9,0.03916953031176924,0.008010239872447884,4.889932253651632,13141,67
call,5,10,0.06038726243803591,0.008941563646209103,6.75354611647124,12075,67
call,10,1,-0.014074351800470055,0.013870750978817464,-1.0146784281516925,11235,67
call,10,2,-0.00030857998739411337,0.013890320734228368,-0.02221546883605892,11901,67
call,10,3,0.011556376248663038,0.014093544943729448,0.819976542083881,11137,67
call,10,4,0.012782719160313608,0.014079120582004416,0.9079202842152061,15437,67
call,10,5,0.022901635559068934,0.01463188682446595,1.565186761886044,10637,67
call,10,6,0.03369947150470673,0.0159593579298587,2.1115806571176448,13248,67
call,10,7,0.04382794718127562,0.015031738026836489,2.9156939206250554,12757,67
call,10,8,0.04246453307509864,0.01538560001200462,2.760018006575348,12132,67
call,10,9,0.054710417438062826,0.014871304356587007,3.678925272874919,13077,67
call,10,10,0.08129115431647656,0.016277081019378428,4.994209601813533,12026,67
call,20,1,0.007900590067112155,0.022297358432982174,0.35432852240584833,10977,67
call,20,2,0.022403252034331467,0.02167737945577805,1.0334852549882332,11680,67
call,20,3,0.04495747117756651,0.02233299080704376,2.0130519716771236,10946,67
call,20,4,0.030871082170873313,0.02201058092658673,1.4025564465490288,15194,67
call,20,5,0.0509773986693783,0.022926332311910456,2.22353047909434,10476,67
call,20,6,0.05929988506732088,0.02569024750652354,2.308264451413433,13089,67
call,20,7,0.06162570272085798,0.02355304025417176,2.6164648833367794,12600,67
call,20,8,0.06914609497932687,0.02557037434106274,2.7041487174588257,11982,67
call,20,9,0.07663959933258392,0.024730859960757974,3.098945991129821,12920,67
call,20,10,0.1207868949553735,0.027049880751498133,4.4653392769091536,11844,67
call,40,1,0.0622444689585067,0.03524446206562287,1.7660779966682876,10299,67
call,40,2,0.07610498997600086,0.036195730412695526,2.1025957787912826,11075,67
call,40,3,0.10573052214955789,0.03791449570742319,2.7886569549929994,10337,67
call,40,4,0.12675360680933617,0.06489498685819951,1.9532110713929638,14523,66
call,40,5,0.09712799178701215,0.03807640328385696,2.5508709702155863,10052,67
call,40,6,0.09948212479318354,0.039586077615714754,2.5130583979275443,12450,66
call,40,7,0.10412937192700587,0.036506956711188664,2.85231586819978,12081,67
call,40,8,0.10916222949845249,0.03780734466077218,2.887328652089024,11525,66
call,40,9,0.12255385140698141,0.03864094569434925,3.171605901583909,12400,66
call,40,10,0.17987083488797,0.04008124034680427,4.487656403136021,11345,67
call,60,1,0.15046674088338485,0.048598412242239306,3.0961246250881977,9434,65
call,60,2,0.16106369969351772,0.04875175601591388,3.303751759032889,10248,66
call,60,3,0.1672499995681307,0.05164086558158419,3.2387141014106904,9644,65
call,60,4,0.1453252223858606,0.04902751436660976,2.964156438753389,13479,65
call,60,5,0.1851517401756012,0.04843023171740703,3.8230612080481348,9358,66
call,60,6,0.17444172172193917,0.05199271786329002,3.355118349085296,11580,66
call,60,7,0.2008445429583763,0.059345194531255765,3.384343830107357,11295,66
call,60,8,0.21064704886252078,0.054733947191785856,3.848563088724824,10784,66
call,60,9,0.2164759766141812,0.05503583688751557,3.9333639471427206,11678,65
call,60,10,0.3296598581902448,0.06580282193329393,5.009813386490169,10626,66
put,1,1,0.015153259432721599,0.001990886840878541,7.611311261686148,11459,67
put,1,2,0.010555307567565836,0.002083845290444031,5.065302887872584,12099,67
put,1,3,0.007418572761887235,0.0019444636083079826,3.8152283900765145,11271,67
put,1,4,0.00702841057751209,0.002501623636371478,2.8095395627563566,15617,67
put,1,5,-0.0002460273754364554,0.002074257150431156,-0.11860987215848143,10766,67
put,1,6,-0.001938664997011125,0.0022470274150945243,-0.8627687334778568,13369,67
put,1,7,-0.00512967030190866,0.0019561869980762136,-2.622280133214957,12895,67
put,1,8,-0.005063350785561041,0.0019076803252950452,-2.654192486247891,12266,67
put,1,9,-0.007884513719453845,0.0016477582396980121,-4.784994260383037,13186,67
put,1,10,-0.009722425627964382,0.00205739724264295,-4.7255947594616545,12124,67
put,5,1,0.020517328817443975,0.006650764744140007,3.0849578366941643,11448,67
put,5,2,0.014261845746292358,0.006648458939574902,2.1451355683944784,12049,67
put,5,3,0.0038673276541839672,0.006478749157686616,0.5969250483475863,11252,67
put,5,4,0.007196390444390283,0.007143448476461197,1.007411261956118,15600,67
put,5,5,-0.002837161548124046,0.007120370472349972,-0.39845701275536066,10750,67
put,5,6,-0.008448633240362099,0.007094099559048289,-1.1909380704399823,13347,67
put,5,7,-0.01184464199021798,0.006682130830736544,-1.7725845677451952,12880,67
put,5,8,-0.014523342457601915,0.006847218344404228,-2.1210573005125313,12236,67
put,5,9,-0.02184561311579588,0.006611928445237282,-3.3039699834519163,13165,67
put,5,10,-0.03061657275658657,0.007004929799004845,-4.370717999334713,12099,67
put,10,1,0.015772575120687634,0.013036036585686337,1.2099210536127243,11375,67
put,10,2,0.008880585701318625,0.012065019593987179,0.7360606116002021,12006,67
put,10,3,-0.0014767507676034532,0.013148155341926804,-0.11231619411237058,11222,67
put,10,4,-0.0033189545979078854,0.012955186467892782,-0.2561873274563317,15540,67
put,10,5,-0.011545048854059973,0.013319460218181187,-0.8667805350175433,10722,67
put,10,6,-0.018644025653932587,0.013062633591382688,-1.427279233050822,13310,67
put,10,7,-0.021459936360293023,0.012971986976174398,-1.6543291632737847,12838,67
put,10,8,-0.025258279931386653,0.012491392208334163,-2.0220548286470836,12198,67
put,10,9,-0.032761007952552136,0.012472389913738193,-2.62668247057176,13115,67
put,10,10,-0.04281145708205669,0.012665957325877851,-3.3800411591935884,12058,67
put,20,1,-0.011600789259241602,0.020907396549019016,-0.5548653191726981,11181,67
put,20,2,-0.015460023037247184,0.020470528350843592,-0.7552332197918123,11843,67
put,20,3,-0.030974700193793742,0.020692436832289787,-1.4969092545668117,11049,67
put,20,4,-0.02772050828956767,0.02033980233478138,-1.362870092506512,15310,67
put,20,5,-0.039128570031648595,0.021239644258276166,-1.8422422501922033,10600,67
put,20,6,-0.04167919489922061,0.02164564648438264,-1.9255232191513523,13154,67
put,20,7,-0.04121549611474119,0.021199466158419947,-1.9441761319244981,12688,67
put,20,8,-0.056723128096884665,0.02099373639690245,-2.7019072272077285,12072,67
put,20,9,-0.06419726511264794,0.019581747490714087,-3.2784237026389547,12962,67
put,20,10,-0.07624271037885404,0.020078067995179177,-3.7973130879505046,11884,67
put,40,1,-0.03194643975187837,0.03495184603783185,-0.9140129456195124,10748,67
put,40,2,-0.04040112521795891,0.034001183015510264,-1.1882270449098549,11407,67
put,40,3,-0.04648248442212991,0.0352018088163485,-1.3204572715178893,10597,67
put,40,4,-0.04649691832057526,0.033931081732170326,-1.370334099207075,14813,66
put,40,5,-0.05134369133399225,0.036316030039675776,-1.41380242493187,10232,67
put,40,6,-0.06499539240288955,0.03481001982593197,-1.8671460897724272,12673,66
put,40,7,-0.06792894429168057,0.03378804856351989,-2.0104429577806915,12305,67
put,40,8,-0.08462821602330457,0.033185189903941384,-2.550180254151667,11667,66
put,40,9,-0.09447203656439447,0.031868212869873666,-2.964459819260928,12551,66
put,40,10,-0.11460065255221664,0.03187430646313494,-3.595392818499785,11457,67
put,60,1,0.007887595060713725,0.049515861464980625,0.15929431150646772,10233,65
put,60,2,-0.0234511260014947,0.04891484240741275,-0.4794276102572258,10900,66
put,60,3,-0.024512959059248784,0.04932593950092921,-0.4969587869438758,10119,65
put,60,4,-0.01767870884933769,0.04880821121566929,-0.36220767795034764,14200,65
put,60,5,-0.0396910787218129,0.049511824700807235,-0.8016484741101813,9740,65
put,60,6,-0.05273336997643737,0.048901881205008976,-1.0783505394274266,12137,66
put,60,7,-0.06395239842149233,0.049894998200946304,-1.281739667850703,11733,66
put,60,8,-0.08769229579985535,0.04652483637106642,-1.8848490965223637,11175,66
put,60,9,-0.08568011639354096,0.04769625834721193,-1.7963697648947627,12006,65
put,60,10,-0.11055811019834616,0.049378768068482834,-2.238980730442979,10937,66
straddle,1,1,0.0008605710082833889,0.0007993406601046555,1.0766010678985312,11301,67
straddle,1,2,0.001237098809413982,0.0006790595738881446,1.8217824429315217,11977,67
straddle,1,3,0.001041306528716711,0.0006656898245886595,1.564251833592546,11167,67
straddle,1,4,0.000709271993866927,0.0005134591237471622,1.38136019220137,15478,67
straddle,1,5,0.0011982464387020992,0.0005288548107566835,2.2657379952498733,10663,67
straddle,1,6,0.000980779834991121,0.0005113236572679173,1.9181194162452442,13286,67
straddle,1,7,0.0010612797429448552,0.0005059563726879182,2.0975716489284526,12801,67
straddle,1,8,0.0015470894129754303,0.0004983431466696267,3.1044661159975036,12191,67
straddle,1,9,0.0015734665698878643,0.0005860881802317662,2.684692547912574,13096,67
straddle,1,10,0.0035151607916921058,0.0007262848246898288,4.839920472238023,12028,67
straddle,5,1,-0.00022910470338708886,0.0018965326515255757,-0.12080187662616641,11239,67
straddle,5,2,0.0019473798615494734,0.001850562702524308,1.0523176863410786,11892,67
straddle,5,3,0.0012328120866494769,0.0017849414843664696,0.6906736705080501,11117,67
straddle,5,4,0.0013634085409736903,0.0020382430379699097,0.6689136258900927,15442,67
straddle,5,5,0.0013323476838840629,0.001780649767206355,0.7482368000835846,10626,67
straddle,5,6,0.0014314999823781325,0.0015592972976477967,0.9180417259348511,13238,67
straddle,5,7,0.0017248377204159733,0.001617395904826799,1.0664288905817898,12767,67
straddle,5,8,0.0018549299240031886,0.001587555343181383,1.1684190614016643,12134,67
straddle,5,9,0.0025481238858031203,0.0016761479615971138,1.5202261042486644,13071,67
straddle,5,10,0.007443307484486673,0.0019085022783368146,3.900077861564423,12007,67
straddle,10,1,-0.00378407965721804,0.0033114078650085367,-1.1427404329150148,11130,67
straddle,10,2,-0.0004034739592146984,0.003170302015986784,-0.12726672638130776,11804,67
straddle,10,3,-0.0005717829924408853,0.0030528906758622385,-0.18729232493050038,11070,67
straddle,10,4,-0.0003461650597384425,0.0033280065728918664,-0.10401573799706858,15343,67
straddle,10,5,-0.0003216208697301578,0.0033595858415122514,-0.09573229704569373,10582,67
straddle,10,6,0.0017790470204914917,0.002883553309237289,0.6169634578256008,13175,67
straddle,10,7,0.0015586890255016072,0.00295476007770144,0.5275179657612468,12698,67
straddle,10,8,0.0009257877643697693,0.0028212205219525915,0.3281515064724623,12075,67
straddle,10,9,0.0026724567077031345,0.002810266483119002,0.9509620257567468,12996,67
straddle,10,10,0.008659595545925904,0.003168711047748729,2.732844811482031,11943,67
straddle,20,1,-0.018404373894003193,0.005214655179000715,-3.5293558753639442,10832,67
straddle,20,2,-0.010098741214338987,0.005412855573893763,-1.8656956714391717,11561,67
straddle,20,3,-0.008883337568578124,0.004982371948591109,-1.782953512952824,10847,67
straddle,20,4,-0.01083290150610918,0.005098996969523277,-2.1245161687401404,15050,67
straddle,20,5,-0.01028251227685077,0.005358191957823356,-1.9190264846405032,10394,67
straddle,20,6,-0.0062587163801450275,0.005403304084867966,-1.1583128178317146,12981,67
straddle,20,7,-0.005944483682776396,0.005331732777337938,-1.1149252843358732,12501,67
straddle,20,8,-0.007559528074575324,0.005239219827128469,-1.4428728558844568,11909,67
straddle,20,9,-0.008236091204142634,0.004847871070407775,-1.6989088786657565,12806,67
straddle,20,10,0.003424933023169288,0.005179594442889016,0.6612357513571984,11729,67
straddle,40,1,-0.04707804736095637,0.008620935515423075,-5.460897750218932,10045,67
straddle,40,2,-0.03551136535848311,0.009419837960042001,-3.769848856118197,10826,67
straddle,40,3,-0.02816953230085532,0.008802253662851338,-3.200263634725824,10093,67
straddle,40,4,-0.018815994443602053,0.01855238369376732,-1.0142089962231264,14217,66
straddle,40,5,-0.02539034147896334,0.009333935882734087,-2.720218115696551,9858,67
straddle,40,6,-0.032259317456606665,0.009077425428557896,-3.5537959204950043,12216,66
straddle,40,7,-0.03278694703429496,0.008633184421156704,-3.797781378786074,11855,67
straddle,40,8,-0.031196714549780853,0.009179386023131657,-3.398562220955353,11311,66
straddle,40,9,-0.031519372481232544,0.008483468415589874,-3.715387496853306,12165,66
straddle,40,10,-0.01911702202442805,0.008900295061732065,-2.147908793116768,11110,67
straddle,60,1,-0.08487877578456213,0.012178615824469838,-6.9694928395737525,8849,65
straddle,60,2,-0.06840465706400929,0.013028600614720384,-5.250345688448089,9699,66
straddle,60,3,-0.06995049149277478,0.013613987646089577,-5.138133903982721,9081,65
straddle,60,4,-0.065661043825857,0.01444904168804973,-4.544318249158547,12780,65
straddle,60,5,-0.061438811505564704,0.013923291818028318,-4.412664211060476,8892,65
straddle,60,6,-0.06666236835146992,0.013589347627615577,-4.905487016610133,10996,66
straddle,60,7,-0.06669805143333528,0.014270208642866976,-4.67393666781982,10724,66
straddle,60,8,-0.06065569596624667,0.013633055492254893,-4.449163725674404,10273,66
straddle,60,9,-0.062134462526475046,0.014128962087652002,-4.397666448604701,11071,65
straddle,60,10,-0.043211398761452274,0.014241653996602559,-3.034155918389861,10069,66
