kind,horizon,decile,mean,se,t_stat,n_events,n_quarters
rr_ret_fwd,1,1,-0.00464459008008198,0.0006787417178868357,-6.842941810829369,11351,67
rr_ret_fwd,1,2,-0.0025373994860446395,0.0005796891525430309,-4.377172619003399,12003,67
rr_ret_fwd,1,3,-0.001914341823824052,0.0005639203720023893,-3.394702370880017,11203,67
rr_ret_fwd,1,4,-0.0010422702115390596,0.0005388666125833969,-1.934189625410786,15497,67
rr_ret_fwd,1,5,0.0002386261131957972,0.000575879875457694,0.4143678627528762,10678,67
rr_ret_fwd,1,6,0.0007098622399383392,0.0006442315380186553,1.1018744008117518,13315,67
rr_ret_fwd,1,7,0.0018549420279861627,0.0006039606423745715,3.071296203496225,12826,67
rr_ret_fwd,1,8,0.001492690941409194,0.0005553421057536945,2.687876402570549,12213,67
rr_ret_fwd,1,9,0.002585344133899084,0.0005607285904914691,4.610687198298688,13111,67
rr_ret_fwd,1,10,0.0037763659513301343,0.000700711682516646,5.389329228488243,12056,67
rr_ret_fwd,5,1,-0.005536490574795031,0.002059752496994651,-2.687939732017914,11289,67
rr_ret_fwd,5,2,-0.003302896810766373,0.0018776525861079895,-1.7590564064956442,11918,67
rr_ret_fwd,5,3,-0.0003611570147909826,0.0019343207632452593,-0.18670999228952093,11153,67
rr_ret_fwd,5,4,-0.0009293606541260585,0.001892172186321681,-0.49116072038491604,15461,67
rr_ret_fwd,5,5,0.00124596785833026,0.001964930446728013,0.634102779772707,10641,67
rr_ret_fwd,5,6,0.002489744373644186,0.001996169964485087,1.2472607132361178,13267,67
rr_ret_fwd,5,7,0.003606153271055111,0.0018208284930264816,1.9805013403877265,12792,67
rr_ret_fwd,5,8,0.0037969516170812206,0.0018975171364432213,2.0010104489482354,12156,67
rr_ret_fwd,5,9,0.006195088105985581,0.001934880935402856,3.20179293342188,13085,67
rr_ret_fwd,5,10,0.008988664548907654,0.0021317657052576724,4.21653492536187,12035,67
rr_ret_fwd,10,1,-0.002666243174731046,0.0039886815739392555,-0.6684522505259406,11179,67
rr_ret_fwd,10,2,-0.0014140190067559455,0.0035670085381470256,-0.39641592994069313,11831,67
rr_ret_fwd,10,3,0.001779318002170023,0.0034626969379852645,0.5138532288665439,11105,67
rr_ret_fwd,10,4,0.0016212037268021147,0.0034998981285327305,0.4632145471850563,15362,67
rr_ret_fwd,10,5,0.003149760223790943,0.0035736521823330086,0.881384103176674,10597,67
rr_ret_fwd,10,6,0.004834665135410572,0.003706961292134448,1.304212467950211,13203,67
rr_ret_fwd,10,7,0.006677631238035761,0.0034574165239568268,1.931393337124904,12723,67
rr_ret_fwd,10,8,0.005486125253318256,0.003474003127392493,1.5791941032119954,12096,67
rr_ret_fwd,10,9,0.00881318069057343,0.0034575747644464538,2.5489486969877255,13010,67
rr_ret_fwd,10,10,0.011765808693026302,0.003735496338537166,3.14973102011762,11968,67
rr_ret_fwd,20,1,0.004606628216398478,0.006137384630139126,0.7505848979672066,10881,67
rr_ret_fwd,20,2,0.0056740245080627765,0.005830944743930118,0.9730883685648553,11588,67
rr_ret_fwd,20,3,0.00948377424855024,0.005611026879836097,1.6902029613565617,10880,67
rr_ret_fwd,20,4,0.007181215987605633,0.0054323014795037185,1.3219472473500662,15068,67
rr_ret_fwd,20,5,0.010917853352792153,0.005530533469135961,1.9741049238235344,10408,67
rr_ret_fwd,20,6,0.010823221975349306,0.005921704571228198,1.8277206917643483,13010,67
rr_ret_fwd,20,7,0.010958105511874278,0.005618269911636967,1.95044127181876,12524,67
rr_ret_fwd,20,8,0.012381857951537208,0.005938630506736465,2.084968569351451,11928,67
rr_ret_fwd,20,9,0.015404929034697703,0.005732989163583685,2.6870675305913365,12819,67
rr_ret_fwd,20,10,0.019622853409805584,0.0061370650506750255,3.197432852312236,11755,67
rr_ret_fwd,40,1,0.01964205562806341,0.009283186141421727,2.1158743699450597,10091,67
rr_ret_fwd,40,2,0.019327056705685536,0.009091766579016428,2.125775726610921,10853,67
rr_ret_fwd,40,3,0.020830973675696515,0.00892664867836343,2.3335715817053493,10127,67
rr_ret_fwd,40,4,0.02790832315515316,0.013404203670406348,2.0820575277268314,14234,66
rr_ret_fwd,40,5,0.018816518242729903,0.008584375350391402,2.191949614816408,9870,67
rr_ret_fwd,40,6,0.021649140408944244,0.008447630862252028,2.56274697154237,12242,66
rr_ret_fwd,40,7,0.020860076404218896,0.008339975987551774,2.5012154034201766,11877,67
rr_ret_fwd,40,8,0.022324330733677403,0.008774355670907922,2.5442700946914547,11332,66
rr_ret_fwd,40,9,0.026489893275255888,0.008615276162644257,3.074758461036429,12177,66
rr_ret_fwd,40,10,0.03289890073706949,0.008969883287177136,3.6677066672762617,11135,67
rr_ret_fwd,60,1,0.03294161160369748,0.012132095592278822,2.715244975868997,8888,65
rr_ret_fwd,60,2,0.03469750343898454,0.012409737430389797,2.7959901354572554,9725,66
rr_ret_fwd,60,3,0.03142863274981983,0.011430638611836241,2.7495080386213933,9109,65
rr_ret_fwd,60,4,0.027300350340197933,0.011352198564952537,2.404851376056958,12794,65
rr_ret_fwd,60,5,0.03012727609259884,0.011326470341166538,2.659899790943695,8906,65
rr_ret_fwd,60,6,0.0338148990141483,0.011071567593551967,3.054210591988975,11020,66
rr_ret_fwd,60,7,0.03256879188708469,0.011145538890315028,2.922137027881667,10742,66
rr_ret_fwd,60,8,0.03648861445153819,0.01087379858395477,3.3556456071735865,10293,66
rr_ret_fwd,60,9,0.04064625955775791,0.011291842078731714,3.599612824404931,11083,65
rr_ret_fwd,60,10,0.05120032552681169,0.011814206823937242,4.3337928893434166,10093,66
rr_ret_net_fwd,1,1,-0.04738925179202133,0.0017995161425026077,-26.334441060426695,11351,67
rr_ret_net_fwd,1,2,-0.041882384464332,0.0015913360645336799,-26.319006649676528,12003,67
rr_ret_net_fwd,1,3,-0.04024739437093406,0.001427956785055086,-28.185302799189014,11203,67
rr_ret_net_fwd,1,4,-0.037305043049565556,0.0014174120603262508,-26.319123488323445,15497,67
rr_ret_net_fwd,1,5,-0.03541694098855356,0.0012034595454560868,-29.42927423051122,10678,67
rr_ret_net_fwd,1,6,-0.03481176258967409,0.0011871945435128425,-29.322711075362616,13315,67
rr_ret_net_fwd,1,7,-0.0332538860164132,0.0011396798769899943,-29.17826899272799,12826,67
rr_ret_net_fwd,1,8,-0.03357549693311858,0.0012676462826453738,-26.486487116147195,12213,67
rr_ret_net_fwd,1,9,-0.03199550466677963,0.0011712320240925113,-27.317819192632,13111,67
rr_ret_net_fwd,1,10,-0.03064337105580567,0.0012203036692829462,-25.111266832305603,12056,67
rr_ret_net_fwd,5,1,-0.04815496579918052,0.002689261701771994,-17.9063888677887,11289,67
rr_ret_net_fwd,5,2,-0.042618282486676214,0.0024268293334003396,-17.56130186005368,11918,67
rr_ret_net_fwd,5,3,-0.03864719857011498,0.0021532491219337807,-17.948317348160284,11153,67
rr_ret_net_fwd,5,4,-0.03716019914396504,0.0023764898217968266,-15.636590909473703,15461,67
rr_ret_net_fwd,5,5,-0.034420948663589176,0.002294541350627317,-15.001232666466722,10641,67
rr_ret_net_fwd,5,6,-0.033019217901016695,0.0022269632868195067,-14.827014929453066,13267,67
rr_ret_net_fwd,5,7,-0.031504932596507426,0.0020366609793039878,-15.468913538704895,12792,67
rr_ret_net_fwd,5,8,-0.031253273930050465,0.0022809621477761664,-13.701794201416703,12156,67
rr_ret_net_fwd,5,9,-0.028322204515076974,0.0020351506325674866,-13.916515103035154,13085,67
rr_ret_net_fwd,5,10,-0.025447490396730995,0.0024254626803765582,-10.491808677419113,12035,67
rr_ret_net_fwd,10,1,-0.04520843259695865,0.00440700033617942,-10.258322929049603,11179,67
rr_ret_net_fwd,10,2,-0.04059326183765928,0.003981074702759487,-10.196558685402715,11831,67
rr_ret_net_fwd,10,3,-0.0365144834314638,0.0037395697747521707,-9.76435409174407,11105,67
rr_ret_net_fwd,10,4,-0.034510096303928026,0.003883922796513371,-8.885371340261454,15362,67
rr_ret_net_fwd,10,5,-0.03247157138274393,0.003844416682412493,-8.446423492878766,10597,67
rr_ret_net_fwd,10,6,-0.030611876820673744,0.00397708817956035,-7.69705760561179,13203,67
rr_ret_net_fwd,10,7,-0.02838822947026046,0.0036637519701619003,-7.748403740607471,12723,67
rr_ret_net_fwd,10,8,-0.0295469286946807,0.003813341416796487,-7.748304037119889,12096,67
rr_ret_net_fwd,10,9,-0.02569098172156263,0.0036146957494115088,-7.107370440719736,13010,67
rr_ret_net_fwd,10,10,-0.02263190524059664,0.004006275261579503,-5.649113893305936,11968,67
rr_ret_net_fwd,20,1,-0.037604667643824405,0.0065432517421857616,-5.747091679413611,10881,67
rr_ret_net_fwd,20,2,-0.03326704024389944,0.0061418353362986886,-5.416465669030369,11588,67
rr_ret_net_fwd,20,3,-0.02860546226303873,0.005812325329767638,-4.921517747215004,10880,67
rr_ret_net_fwd,20,4,-0.028723605179711946,0.0057283932077428395,-5.014251665002221,15068,67
rr_ret_net_fwd,20,5,-0.024351761890051782,0.005783102486308385,-4.210847369159562,10408,67
rr_ret_net_fwd,20,6,-0.02441758705701813,0.006187310655623947,-3.946397460231579,13010,67
rr_ret_net_fwd,20,7,-0.023931079154807224,0.0058211958778986005,-4.111024548352104,12524,67
rr_ret_net_fwd,20,8,-0.022437409453385994,0.0062279948031266266,-3.6026699062307808,11928,67
rr_ret_net_fwd,20,9,-0.0188883625738446,0.0058958274406674714,-3.2036830731440524,12819,67
rr_ret_net_fwd,20,10,-0.014602889475068423,0.006444435359841065,-2.2659688024907996,11755,67
rr_ret_net_fwd,40,1,-0.021727823551847898,0.009513777861634126,-2.283827084030301,10091,67
rr_ret_net_fwd,40,2,-0.019039040773609097,0.009160213785503735,-2.078449392058824,10853,67
rr_ret_net_fwd,40,3,-0.01673413740223955,0.009089855977536249,-1.8409683765721487,10127,67
rr_ret_net_fwd,40,4,-0.0082349432732627,0.01271073033353087,-0.6478733367144879,14234,66
rr_ret_net_fwd,40,5,-0.01602025396619002,0.008723517702294485,-1.836444254818939,9870,67
rr_ret_net_fwd,40,6,-0.013141228768769189,0.00852870524325173,-1.5408234185566538,12242,66
rr_ret_net_fwd,40,7,-0.013523725299548735,0.00847823096420796,-1.5951116874075544,11877,67
rr_ret_net_fwd,40,8,-0.012162264786273875,0.008931673989059353,-1.361700483153747,11332,66
rr_ret_net_fwd,40,9,-0.007473496724121351,0.008671063471947604,-0.8618892882400654,12177,66
rr_ret_net_fwd,40,10,-0.0009544712574314114,0.009112117386238166,-0.10474747163298496,11135,67
rr_ret_net_fwd,60,1,-0.008306544981134157,0.012112091826984089,-0.6858059780085475,8888,65
rr_ret_net_fwd,60,2,-0.0038515254383437673,0.012351755522630709,-0.31182008349234713,9725,66
rr_ret_net_fwd,60,3,-0.005985609716875838,0.011452122247988096,-0.5226637986620678,9109,65
rr_ret_net_fwd,60,4,-0.008042919159593301,0.011212359881191044,-0.7173261690507685,12794,65
rr_ret_net_fwd,60,5,-0.004719811983992779,0.01150641862909435,-0.4101894895479104,8906,65
rr_ret_net_fwd,60,6,-0.0005100217094032662,0.011113454887126433,-0.04589227333743564,11020,66
rr_ret_net_fwd,60,7,-0.0014140798180104117,0.011271471479584636,-0.12545654048556595,10742,66
rr_ret_net_fwd,60,8,0.002375889591668787,0.01100656215470333,0.21586118883211144,10293,66
rr_ret_net_fwd,60,9,0.006908983928743369,0.011216089867407701,0.6159886386805669,11083,65
rr_ret_net_fwd,60,10,0.017271751697585016,0.011855127696369521,1.4569013628486065,10093,66
rr_ret_mktadj_fwd,1,1,-0.004993702100254314,0.0005228696872510372,-9.550567229300416,11350,67
rr_ret_mktadj_fwd,1,2,-0.0027987175570028298,0.0004886860311405087,-5.727025899371641,12003,67
rr_ret_mktadj_fwd,1,3,-0.0023899886024388124,0.00042833195883134934,-5.5797578330592,11203,67
rr_ret_mktadj_fwd,1,4,-0.0012654467623919696,0.00029911558070139753,-4.230628038247348,15497,67
rr_ret_mktadj_fwd,1,5,5.109369335526153e-05,0.0003869143433334901,0.13205427567006153,10678,67
rr_ret_mktadj_fwd,1,6,0.0003077037389510891,0.0004948291775529408,0.6218383088741134,13315,67
rr_ret_mktadj_fwd,1,7,0.0014978550900254315,0.0004299772259797906,3.483568429961061,12826,67
rr_ret_mktadj_fwd,1,8,0.0012469311527781208,0.0004316683757324403,2.888632160422617,12213,67
rr_ret_mktadj_fwd,1,9,0.002179785787929983,0.00042927193805266945,5.077866952632097,13110,67
rr_ret_mktadj_fwd,1,10,0.003509455742979257,0.0005696401497879116,6.160829331088929,12056,67
rr_ret_mktadj_fwd,5,1,-0.00726508002727987,0.0011142160895932565,-6.520351029872473,11287,67
rr_ret_mktadj_fwd,5,2,-0.005358646789498176,0.0010311544461792642,-5.196745074759233,11917,67
rr_ret_mktadj_fwd,5,3,-0.003198833525214736,0.0010084031847079245,-3.1721771348245507,11153,67
rr_ret_mktadj_fwd,5,4,-0.0027223696651346727,0.0009907914095893223,-2.7476718497822668,15460,67
rr_ret_mktadj_fwd,5,5,-0.0008171295891689054,0.0010451326234428074,-0.7818429650365047,10641,67
rr_ret_mktadj_fwd,5,6,0.00018491107627416207,0.0012000681632687582,0.15408381118160766,13267,67
rr_ret_mktadj_fwd,5,7,0.0010408479768983466,0.0009950136064527562,1.0460640639970653,12792,67
rr_ret_mktadj_fwd,5,8,0.0019371345916821706,0.0009649265972389788,2.007546063322379,12155,67
rr_ret_mktadj_fwd,5,9,0.003979053394090521,0.0011801267273062863,3.3717170385361594,13084,67
rr_ret_mktadj_fwd,5,10,0.006737041719764997,0.0011847889009494437,5.6862802431439,12035,67
rr_ret_mktadj_fwd,10,1,-0.00619147881515807,0.0020565971910969766,-3.010545206402607,11176,67
rr_ret_mktadj_fwd,10,2,-0.005332495696030654,0.0018153328124546307,-2.9374755193347912,11830,67
rr_ret_mktadj_fwd,10,3,-0.0022094630897567576,0.0015929038462681117,-1.3870662029808853,11105,67
rr_ret_mktadj_fwd,10,4,-0.0021775830804514917,0.0015514997087884238,-1.4035343146483608,15360,67
rr_ret_mktadj_fwd,10,5,-0.0008142461013907603,0.0016743471151578794,-0.48630662902535743,10597,67
rr_ret_mktadj_fwd,10,6,0.0007614297437249939,0.0017693388317610403,0.4303470483192501,13203,67
rr_ret_mktadj_fwd,10,7,0.002456340748719379,0.0014940079594871775,1.6441282880196468,12723,67
rr_ret_mktadj_fwd,10,8,0.001837035231605774,0.0014102412327922785,1.3026390016752263,12093,67
rr_ret_mktadj_fwd,10,9,0.004911322931850611,0.0014898717336638667,3.2964736633889755,13009,67
rr_ret_mktadj_fwd,10,10,0.008161677949460941,0.0016920589795593843,4.823518593652249,11968,67
rr_ret_mktadj_fwd,20,1,-0.004388649814331815,0.0030702076307922033,-1.4294309512869705,10877,67
rr_ret_mktadj_fwd,20,2,-0.00374857453848714,0.002866388806707994,-1.3077690401646258,11587,67
rr_ret_mktadj_fwd,20,3,0.00015629169468797354,0.002688642278690858,0.0581303418185012,10878,67
rr_ret_mktadj_fwd,20,4,-0.0022768001687473657,0.002385290649925138,-0.9545168714843295,15064,67
rr_ret_mktadj_fwd,20,5,0.0012601215958071578,0.0025316720217941845,0.4977428296237659,10407,67
rr_ret_mktadj_fwd,20,6,0.002379554938699387,0.0027490331807764356,0.8655970234696501,13009,67
rr_ret_mktadj_fwd,20,7,0.0021691759657848225,0.0023155924070284136,0.9367693378164569,12523,67
rr_ret_mktadj_fwd,20,8,0.003982765006875137,0.0024368692615685597,1.6343777935429813,11923,67
rr_ret_mktadj_fwd,20,9,0.006778674595484533,0.002352452827065651,2.881534761289969,12818,67
rr_ret_mktadj_fwd,20,10,0.010944131353074673,0.002717500981663753,4.0272777919565925,11753,67
rr_ret_mktadj_fwd,40,1,0.0015230000005865033,0.004799714680369337,0.31731052823108824,10086,67
rr_ret_mktadj_fwd,40,2,0.0009139563009921066,0.0048079416405154935,0.1900930521473873,10848,67
rr_ret_mktadj_fwd,40,3,0.0027721994314522246,0.004499321296404975,0.6161372457813256,10120,67
rr_ret_mktadj_fwd,40,4,0.0097689064252195,0.01160888599384879,0.8415024861468842,14229,66
rr_ret_mktadj_fwd,40,5,9.70806883625438e-05,0.004104551710367541,0.023651958901463255,9866,67
rr_ret_mktadj_fwd,40,6,0.003811724310474247,0.004089294957333847,0.9321226153271732,12237,66
rr_ret_mktadj_fwd,40,7,0.002499823476034675,0.0035469368915014804,0.704783747921846,11876,67
rr_ret_mktadj_fwd,40,8,0.005162029886906344,0.003440652027281142,1.5003057112362106,11326,66
rr_ret_mktadj_fwd,40,9,0.008734305439807374,0.0033375355547977117,2.616992477354076,12175,66
rr_ret_mktadj_fwd,40,10,0.014516728321129737,0.0038216315146871907,3.798568298732999,11132,67
rr_ret_mktadj_fwd,60,1,0.009450639677541698,0.006436281606813901,1.4683384374506836,8880,65
rr_ret_mktadj_fwd,60,2,0.009410514178089325,0.006835335562390539,1.376745017445517,9719,66
rr_ret_mktadj_fwd,60,3,0.007441846127826776,0.005454315530851309,1.3643959697112085,9102,65
rr_ret_mktadj_fwd,60,4,0.003996129927235156,0.004879313223907614,0.8189943428216404,12790,65
rr_ret_mktadj_fwd,60,5,0.006332485846683812,0.004611700306744852,1.3731347280789739,8901,65
rr_ret_mktadj_fwd,60,6,0.00966335803291618,0.004461948752384623,2.165725912417022,11015,66
rr_ret_mktadj_fwd,60,7,0.007818383149979152,0.00413978127862884,1.8885981224033948,10741,66
rr_ret_mktadj_fwd,60,8,0.01297187071129568,0.003940166014772074,3.2922142525626703,10288,66
rr_ret_mktadj_fwd,60,9,0.01721610695895659,0.004239984446531939,4.060417479370323,11080,65
rr_ret_mktadj_fwd,60,10,0.026651440126066378,0.004884375912621167,5.456467848266835,10090,66
rr_ret_net_mktadj_fwd,1,1,-0.047738966916046725,0.0017154170074502614,-27.82936551795317,11350,67
rr_ret_net_mktadj_fwd,1,2,-0.042143702535290185,0.001508671168733307,-27.934319557968617,12003,67
rr_ret_net_mktadj_fwd,1,3,-0.040723041149548805,0.0013889350694454548,-29.31961475046336,11203,67
rr_ret_net_mktadj_fwd,1,4,-0.03752821960041847,0.0012981894310862953,-28.908122883896624,15497,67
rr_ret_net_mktadj_fwd,1,5,-0.03560447340839409,0.0010555093632834624,-33.73202990605051,10678,67
rr_ret_net_mktadj_fwd,1,6,-0.03521392109066134,0.0011006912667594936,-31.99255063986599,13315,67
rr_ret_net_mktadj_fwd,1,7,-0.03361097295437394,0.0010458880813402627,-32.13629981451061,12826,67
rr_ret_net_mktadj_fwd,1,8,-0.03382125672174965,0.00117813300289891,-28.707503005627697,12213,67
rr_ret_net_mktadj_fwd,1,9,-0.03239981396801782,0.0011013928539102902,-29.417127460913072,13110,67
rr_ret_net_mktadj_fwd,1,10,-0.03091028126415654,0.0010918161452641202,-28.310884939953937,12056,67
rr_ret_net_mktadj_fwd,5,1,-0.049885155952479214,0.0018944713811776567,-26.331965976424094,11287,67
rr_ret_net_mktadj_fwd,5,2,-0.0446721099110282,0.001649392501184008,-27.083977815444506,11917,67
rr_ret_net_mktadj_fwd,5,3,-0.04148487508053873,0.0013551752638542326,-30.612184406725557,11153,67
rr_ret_net_mktadj_fwd,5,4,-0.03895338789358636,0.0014976210849461068,-26.010175928437953,15460,67
rr_ret_net_mktadj_fwd,5,5,-0.03648404611108835,0.0014287326536400972,-25.53595035301742,10641,67
rr_ret_net_mktadj_fwd,5,6,-0.03532405119838672,0.0014288705443142018,-24.72165959257057,13267,67
rr_ret_net_mktadj_fwd,5,7,-0.03407023789066419,0.0012238032401040069,-27.839636940141357,12792,67
rr_ret_net_mktadj_fwd,5,8,-0.03311213418229619,0.0013996068519139095,-23.658168104147677,12155,67
rr_ret_net_mktadj_fwd,5,9,-0.03053703948297968,0.0011659177243321264,-26.191418867461024,13084,67
rr_ret_net_mktadj_fwd,5,10,-0.02769911322587365,0.0015395821371439547,-17.99131891544135,12035,67
rr_ret_net_mktadj_fwd,10,1,-0.0487244522144391,0.0024964656781740206,-19.517373156949397,11176,67
rr_ret_net_mktadj_fwd,10,2,-0.044509813515753324,0.0021877839742505674,-20.344702237340552,11830,67
rr_ret_net_mktadj_fwd,10,3,-0.040503264523390585,0.0018279142675390822,-22.158186104603285,11105,67
rr_ret_net_mktadj_fwd,10,4,-0.03830914442003341,0.0018702032196211717,-20.483947422458886,15360,67
rr_ret_net_mktadj_fwd,10,5,-0.03643557770792564,0.0018824662981225741,-19.3552350680932,10597,67
rr_ret_net_mktadj_fwd,10,6,-0.03468511221235931,0.0019653206794863886,-17.64857642541258,13203,67
rr_ret_net_mktadj_fwd,10,7,-0.03260951995957684,0.001613456661813148,-20.210967379149412,12723,67
rr_ret_net_mktadj_fwd,10,8,-0.03319090471789946,0.0017537302977041714,-18.92588886749009,12093,67
rr_ret_net_mktadj_fwd,10,9,-0.029591752580383775,0.0014911362794512554,-19.845102683219313,13009,67
rr_ret_net_mktadj_fwd,10,10,-0.026236035984161996,0.0019571705681900964,-13.405084058883997,11968,67
rr_ret_net_mktadj_fwd,20,1,-0.04658647661785121,0.0034343853465534898,-13.564720296923628,10877,67
rr_ret_net_mktadj_fwd,20,2,-0.042687535802941975,0.003039381447634505,-14.044810280777659,11587,67
rr_ret_net_mktadj_fwd,20,3,-0.037880080432974,0.0027496759473503167,-13.776198053256625,10878,67
rr_ret_net_mktadj_fwd,20,4,-0.03818215838555793,0.0026266209813680243,-14.536607548787451,15064,67
rr_ret_net_mktadj_fwd,20,5,-0.03400993063095523,0.002641264751122798,-12.876380762851456,10407,67
rr_ret_net_mktadj_fwd,20,6,-0.032862090567845316,0.002878701814353291,-11.41559379439509,13009,67
rr_ret_net_mktadj_fwd,20,7,-0.03271857532870545,0.002361235531321156,-13.856548783339198,12523,67
rr_ret_net_mktadj_fwd,20,8,-0.030822247128587762,0.0026057298348605494,-11.828642676702236,11923,67
rr_ret_net_mktadj_fwd,20,9,-0.0275132730694568,0.002293216124532903,-11.997679928690053,12818,67
rr_ret_net_mktadj_fwd,20,10,-0.023279531125658812,0.003033473892112761,-7.674215092533739,11753,67
rr_ret_net_mktadj_fwd,40,1,-0.03983039326905576,0.0046819622266964294,-8.507200900072169,10086,67
rr_ret_net_mktadj_fwd,40,2,-0.03744924163966721,0.004565515365382073,-8.202631826326842,10848,67
rr_ret_net_mktadj_fwd,40,3,-0.03470486197105472,0.00440505174199605,-7.8784232294463346,10120,67
rr_ret_net_mktadj_fwd,40,4,-0.026375333924587248,0.01066617142095889,-2.472802365876106,14229,66
rr_ret_net_mktadj_fwd,40,5,-0.03474405052071144,0.00398729625152227,-8.71368675137867,9866,67
rr_ret_net_mktadj_fwd,40,6,-0.030977743279385083,0.0039189241444395236,-7.904654986328003,12237,66
rr_ret_net_mktadj_fwd,40,7,-0.03188234646412852,0.003476922086542193,-9.169704028609852,11876,67
rr_ret_net_mktadj_fwd,40,8,-0.029311737870175818,0.0032976524284497035,-8.888668077113236,11326,66
rr_ret_net_mktadj_fwd,40,9,-0.025227748935683414,0.0030896680908829143,-8.165197100014145,12175,66
rr_ret_net_mktadj_fwd,40,10,-0.01933416692547408,0.003838471567259254,-5.036944155165141,11132,67
rr_ret_net_mktadj_fwd,60,1,-0.03174907588964121,0.0057613485277789,-5.510702179630336,8880,65
rr_ret_net_mktadj_fwd,60,2,-0.029133944604184274,0.006323603395788068,-4.607174546017446,9719,66
rr_ret_net_mktadj_fwd,60,3,-0.029690969389963635,0.005025564431465709,-5.9079870121781015,9102,65
rr_ret_net_mktadj_fwd,60,4,-0.031340694563453037,0.004177874966619372,-7.501587484991949,12790,65
rr_ret_net_mktadj_fwd,60,5,-0.02851004207708782,0.004391825185838922,-6.491615870553341,8901,65
rr_ret_net_mktadj_fwd,60,6,-0.024585915315229762,0.004031114814732168,-6.099036233197263,11015,66
rr_ret_net_mktadj_fwd,60,7,-0.026162939814895647,0.003876035273089882,-6.749923045473005,10741,66
rr_ret_net_mktadj_fwd,60,8,-0.02112912463712607,0.0036035696886758503,-5.863387269441173,10288,66
rr_ret_net_mktadj_fwd,60,9,-0.016519288060265088,0.0036513486587384275,-4.524160688060023,11080,65
rr_ret_net_mktadj_fwd,60,10,-0.00727477320343217,0.0046109791083779866,-1.5777068237446932,10090,66
