base_unit_fraction,liquidity_cap_frac,annualized_return,annualized_vol,sharpe,max_drawdown,avg_leverage,pct_leverage_capped_quarters,pct_liquidity_capped,total_transaction_costs,cost_pct_of_gross_pnl,final_nav,strategy
0.001,0.01,0.016055886333485647,0.02194143059395227,0.8511581638323183,-0.06534216265510663,0.4755414944002546,0.0,0.20522377194770405,740248.2816577369,0.16910107947844422,13637300.838317567,extreme
0.0015,0.01,0.022182307959986325,0.03340719214050322,0.8193717653507593,-0.08568906965093807,0.7141736385574338,0.0,0.2877442273534636,1074012.202783866,0.16767784635769997,15331200.090393636,extreme
0.002,0.01,0.0272778391285462,0.04510281434992444,0.7843817661230368,-0.10336809324892207,0.9487850131067885,0.0,0.3565792155606674,1387257.5030237772,0.16759357376509212,16890252.61778928,extreme
0.003,0.01,0.03446383338600523,0.06831871355723004,0.7024196159204084,-0.13815262652922222,1.3870739205671965,0.0,0.4590746294732551,1936492.6101329613,0.17163218656115647,19346313.074119896,extreme
0.004,0.01,0.038539313261320984,0.0887415888613726,0.6298529133182432,-0.17041058730959566,1.752680902087982,0.1282051282051282,0.6173019247008124,2367230.4403804904,0.1786146691074518,20886050.78343883,extreme
0.005,0.01,0.039249042174501536,0.10179184833130231,0.5632133731531439,-0.21371201884164473,1.9388984390986554,0.4358974358974359,0.8202544914538625,2549517.492437997,0.18588828769210905,21165803.274090424,extreme
0.0075,0.01,0.03603322799501352,0.11714038414817461,0.4350758534453496,-0.3066750367360026,1.9655265341516257,0.8205128205128205,0.9782197245435751,2474589.9820531104,0.1995537107865834,19926031.245680436,extreme
0.01,0.01,0.0334332693445063,0.11764609758919012,0.39167216566296503,-0.3328337348517592,1.8840458399156894,0.8974358974358975,0.9986314532801445,2311469.8320058556,0.20481140008648788,18974375.736306116,extreme
0.015,0.01,0.030937313754358264,0.12145014131322401,0.34250121743307127,-0.377104187051579,1.7904226251213118,0.8974358974358975,0.9990391054945695,2119023.1708688894,0.2073306896656499,18101476.14009233,extreme
0.02,0.01,0.029953243071003444,0.1263909154477823,0.31556156771474586,-0.4096359078088935,1.745745813488474,0.8974358974358975,0.999213813586466,2014232.9633217927,0.2059092506489258,17767906.289644793,extreme
0.03,0.01,0.02906106970521871,0.14054056690492853,0.272926647288815,-0.46318083281273886,1.7056326516037033,0.8974358974358975,0.9994467577089946,1901228.0182423866,0.2028677197534583,17470534.135701664,extreme
0.05,0.01,0.02752361660030367,0.1636544008757312,0.21864869342730756,-0.543454623872086,1.6499991364047908,0.8974358974358975,0.9997379378621554,1775541.673269773,0.20304268316587992,16969130.36112807,extreme
0.001,0.05,0.019920365889031233,0.025553065272209175,0.941131845387987,-0.07967390499712801,0.5640606945186553,0.0,0.04495821564802143,939353.5372768131,0.16705129472182365,14683790.772026736,extreme
0.0015,0.05,0.028451358337372,0.041942389659717284,0.8899777890312184,-0.11141916698389014,0.9192563053172463,0.0,0.07602713799027458,1512757.314057943,0.17224109270850776,17270032.496838465,extreme
0.002,0.05,0.036160151948454455,0.06061045533776225,0.8448928767284823,-0.1372611925541192,1.3181648196845674,0.0,0.11128905453804269,2139735.409352148,0.176642536286434,19973628.98370922,extreme
0.003,0.05,0.049094205939049784,0.1041976827824803,0.7604501190031218,-0.18479505253775402,2.210345601144688,0.15384615384615385,0.34956177386949305,3476377.3974800548,0.1838501596001565,25432376.367219407,extreme
0.004,0.05,0.054625652147530346,0.12810725967429668,0.7284540939539681,-0.20016920251195902,2.655844219806469,0.7051282051282052,0.8644265206883499,4057674.4514878965,0.18250760934801627,28175231.157124233,extreme
0.005,0.05,0.053622472411583466,0.13009227425434783,0.6969176183004773,-0.19947245942532596,2.645451504305888,0.8974358974358975,0.9943511050286813,3972592.0737232952,0.18365775805428652,27657815.025927015,extreme
0.0075,0.05,0.0526570916753073,0.1301232391323732,0.6774407816178843,-0.2108682275460086,2.5977095171430737,0.8974358974358975,0.9954284715953761,3766199.533722167,0.17990297509026454,27168415.53772128,extreme
0.01,0.05,0.050970395089249276,0.1290059187649247,0.6500583330682081,-0.21875736865350204,2.5255115343362027,0.8974358974358975,0.9961564219782779,3567950.3231428144,0.17928541850772262,26333000.64565628,extreme
0.015,0.05,0.04816760589649771,0.12837879116683817,0.5998583526471615,-0.2367137137916615,2.414653106846733,0.9102564102564102,0.9988935154179891,3288087.55784656,0.17980931978500705,24998437.08825094,extreme
0.02,0.05,0.04472979832138391,0.12549684297147004,0.5502431661691713,-0.25303513157439256,2.2941018997759075,0.9102564102564102,0.9990973415252017,3045913.9732589307,0.18465725417063716,23449045.76682405,extreme
0.03,0.05,0.03985931274769361,0.12233329458548958,0.47885737082244384,-0.28955609120260367,2.1280206469226357,0.9102564102564102,0.999213813586466,2724456.688141231,0.19276387038667303,21409191.29618348,extreme
0.05,0.05,0.03442692200839126,0.12150078900962198,0.39439576350246525,-0.33486117423782463,1.9434790312824353,0.9230769230769231,1.0,2377640.287399266,0.2030346786543924,19332872.92717578,extreme
0.001,0.1,0.020817682264831827,0.026318061012062514,0.9632633412802843,-0.08259705039972554,0.5795765906682345,0.0,0.0193343621698745,974392.5626141357,0.16482038065309265,14937452.554798841,extreme
0.0015,0.1,0.03027483809291165,0.04411804183791391,0.9166433105326194,-0.11845961271496691,0.9652174021352607,0.0,0.03654310922167545,1614419.9043311654,0.17010563621522684,17876270.35291881,extreme
0.002,0.1,0.038810747334914186,0.0652421193836361,0.8651060013739141,-0.15101340533536584,1.4143122238315675,0.0,0.056576303759135776,2349297.897954703,0.17608391075560173,20992624.642688103,extreme
0.003,0.1,0.05366846017286808,0.114456311676461,0.7931791977851571,-0.20098306995599477,2.4532033759623606,0.2564102564102564,0.3937920391346126,4001028.726155239,0.1845291686227277,27681335.94289817,extreme
0.004,0.1,0.05645841590669454,0.1330591574318811,0.7387394830977655,-0.21219781443001295,2.7816199652429745,0.8333333333333334,0.9463354977724718,4445944.830744851,0.18846518377357527,29144326.5484308,extreme
0.005,0.1,0.05566103421707269,0.13366175156756094,0.7190658529648519,-0.21057773382595876,2.756511879272604,0.8974358974358975,0.993506682584515,4345247.302946452,0.18839852544523142,28718878.558323372,extreme
0.0075,0.1,0.0547252792586006,0.13183525870577537,0.7098757456370641,-0.2017474239117724,2.708086891303897,0.8974358974358975,0.9939725708295722,4153002.7634488326,0.18556662034054855,28227114.71580103,extreme
0.01,0.1,0.05372408043627552,0.13061972045963066,0.6961472479335674,-0.1995202840938777,2.66429834983113,0.8974358974358975,0.9943802230439973,4000344.4675692194,0.18426145627582624,27709808.857068535,extreme
0.015,0.1,0.052493159888200136,0.1301167359801761,0.6742276364690081,-0.21080869509710512,2.60446867826289,0.9102564102564102,0.9981364470197711,3776970.370110143,0.18103590448899162,27086130.68584534,extreme
0.02,0.1,0.05061006808756918,0.1285785878315838,0.6452193658200196,-0.21852615318077895,2.5223315171660263,0.9230769230769231,1.0,3565573.225539446,0.18077981768692858,26157719.29218087,extreme
0.03,0.1,0.047991491395316555,0.1282200174775629,0.5973304011851792,-0.23653137600760682,2.4132011737035115,0.9230769230769231,1.0,3286966.696730268,0.18056560562190607,24916758.677264724,extreme
0.05,0.1,0.04212640784526944,0.12374689954847702,0.5118757217306871,-0.272686723989412,2.2058241234774916,0.9230769230769231,1.0,2870385.016534514,0.1887517743785199,22336809.86142353,extreme
0.001,0.01,0.027198776309976358,0.04086994160638387,0.8624412712482303,-0.10379100335650235,1.2923781786930375,0.0,0.10941960038058991,2222957.7825587923,0.24460603340674472,16864952.89404472,rankweighted
0.0015,0.01,0.03406839181068544,0.05870256164261485,0.8049301937899992,-0.129928574779657,1.8160079451825417,0.6153846153846154,0.7749560303318629,3005363.1571728378,0.24617682148292164,19202785.1935497,rankweighted
0.002,0.01,0.03364815018399159,0.061517396551968716,0.7554609860241924,-0.14842822888260343,1.8490281388366923,0.8974358974358975,0.9944814462416746,2982838.001883543,0.24786339366309698,19051363.409632258,rankweighted
0.003,0.01,0.03187408706871642,0.06121400576482106,0.7066277242389676,-0.15332308657358198,1.8061707102459423,0.8974358974358975,0.9950465645993715,2809300.742196395,0.25007513043648816,18424526.21729759,rankweighted
0.004,0.01,0.030485263746397928,0.061046340326005796,0.6684480411117051,-0.15912960157603442,1.7685709108384158,0.8974358974358975,0.9954732866245711,2676068.4235697547,0.251898871449818,17947514.001264017,rankweighted
0.005,0.01,0.029293187743445692,0.06086934564796997,0.6366448999028944,-0.16501796489320603,1.7370271428412092,0.8974358974358975,0.9958481100250843,2571324.424761882,0.2541143612381845,17547444.196708318,rankweighted
0.0075,0.01,0.02665260230335109,0.06052819990839041,0.5675963541684911,-0.1762162574479449,1.6697049831125093,0.9102564102564102,0.9984949398840931,2374652.59318285,0.2619349070988062,16691159.289183358,rankweighted
0.01,0.01,0.02450324286983996,0.0599223120891847,0.5161342311131152,-0.18406915004433164,1.6110173412773654,0.9102564102564102,0.9987025343828388,2228319.708360927,0.2700369253270342,16023587.713789824,rankweighted
0.015,0.01,0.022437047864996673,0.060003760988319055,0.46256871331816946,-0.19682882183831013,1.5498911401042386,0.9230769230769231,0.9999481013753135,2059840.6145856238,0.2759099929512615,15405784.651656497,rankweighted
0.02,0.01,0.0215484438711131,0.060609505196055784,0.4360312053674979,-0.20329703955497336,1.5164354797963053,0.9230769230769231,0.9999481013753135,1960894.7601506659,0.2758718528498809,15147096.649243718,rankweighted
0.03,0.01,0.01996966955600854,0.0619644070696107,0.38925277913141476,-0.21513198124541996,1.4662210911053823,0.9230769230769231,0.9999481013753135,1830335.4373562369,0.2803841107606976,14697621.629791517,rankweighted
0.05,0.01,0.017649873992854115,0.06481272896296353,0.321639559992057,-0.24365159573127443,1.4032593312594381,0.9230769230769231,0.9999481013753135,1685351.62362397,0.2933380738952586,14060072.423258383,rankweighted
0.001,0.05,0.03264651097015281,0.04749337146469863,0.9400108977638458,-0.12599541295545302,1.494957633138021,0.0,0.0210477755672808,2724971.865815734,0.2386144544726139,18695006.323847875,rankweighted
0.0015,0.05,0.03964780081816377,0.06460223423434673,0.9000547040360014,-0.1422299582727974,2.0202283141158053,0.8461538461538461,0.9488221895453104,3634734.471835426,0.24297536573009715,21324537.061365947,rankweighted
0.002,0.05,0.0388213761505698,0.06452376845497551,0.8750702486702858,-0.13962889570946585,2.0066061951997773,0.8974358974358975,0.9932012801660756,3577067.750407052,0.24544381523782785,20996808.33989481,rankweighted
0.003,0.05,0.037841149538518914,0.06426059534276365,0.8480898377141172,-0.14097397682235036,1.9905661642158847,0.8974358974358975,0.9933915751232593,3485587.085787894,0.24720705501029358,20614281.891020812,rankweighted
0.004,0.05,0.03724713011559211,0.0641061895447411,0.8318244430267097,-0.14264039320460728,1.9790552330268971,0.8974358974358975,0.9935415044834646,3409318.7488665907,0.24714134241161953,20385697.154171973,rankweighted
0.005,0.05,0.03674221201748873,0.06378984032366945,0.8204628901009474,-0.14312441080312763,1.964022271000608,0.9102564102564102,0.9975030995011965,3335555.5206754906,0.2465513402927092,20193292.129130304,rankweighted
0.0075,0.05,0.0354366343771757,0.06315950102087176,0.7888537212564328,-0.145866550245419,1.9271479305232913,0.9230769230769231,0.9999481013753135,3178742.055274884,0.24674918027329554,19703740.681867994,rankweighted
0.01,0.05,0.034373382875679814,0.0628075608541053,0.7613634714988132,-0.1485896000370522,1.8956953039300148,0.9230769230769231,0.9999481013753135,3054421.2679740107,0.24696530417964802,19313394.033531487,rankweighted
0.015,0.05,0.032557956659024834,0.06242004356378468,0.7126572275536728,-0.15357981445817373,1.8460060070513435,0.9230769230769231,0.9999481013753135,2867472.9101488884,0.24866909006967153,18663807.11080382,rankweighted
0.02,0.05,0.031061759047852355,0.06208529914481137,0.6735180482136416,-0.1594131874796047,1.800501101798668,0.9230769230769231,0.9999481013753135,2721118.2535074437,0.2504434984772161,18144079.965063967,rankweighted
0.03,0.05,0.0283980850976,0.061247076343356445,0.6080025753709101,-0.17046170504825167,1.723560390355582,0.9230769230769231,0.9999481013753135,2504228.6925697243,0.25666373679802784,17252617.848398134,rankweighted
0.05,0.05,0.024540933366495432,0.06002536605993589,0.5162305171896826,-0.18409069754975974,1.6134575354593275,0.9230769230769231,0.9999481013753135,2231500.902591408,0.26994266475622214,16035072.684828036,rankweighted
0.001,0.1,0.03376552535204347,0.048790546558660004,0.9569590796112915,-0.1309547213346135,1.5294122117514086,0.0,0.008753568030447193,2807917.0879159872,0.2359304966153951,19093541.72388544,rankweighted
0.0015,0.1,0.04120461996545455,0.06606504813626013,0.9291349664041476,-0.1467174528117836,2.062967999178981,0.8846153846153846,0.9819450451229709,3761839.1761255735,0.23934877982347325,21955137.44226387,rankweighted
0.002,0.1,0.04060988632600604,0.06594539628473474,0.911903982018628,-0.14499067452064174,2.053549676295672,0.8974358974358975,0.9930398177781622,3728371.3417200767,0.24146626041178026,21712176.482070968,rankweighted
0.003,0.1,0.03992277272946576,0.06554902227894373,0.8956796963544829,-0.14218434506264807,2.04441435915446,0.8974358974358975,0.9931436150275351,3677738.7685452267,0.24335915914889963,21434652.239902504,rankweighted
0.004,0.1,0.039409989473663254,0.06542151655313803,0.88134294404958,-0.13951959435457054,2.0425460902034103,0.8974358974358975,0.9932012801660756,3640011.0596862133,0.24479306922248456,21229736.156800278,rankweighted
0.005,0.1,0.038678594095071794,0.06513635311958753,0.8624155391014298,-0.14014043708527343,2.0278724009614897,0.9102564102564102,0.9973185710578669,3581331.2642243253,0.24661412252323975,20940672.69719459,rankweighted
0.0075,0.1,0.03761176454383697,0.06461170561516613,0.8364439063792987,-0.142342716948287,1.9986406422805822,0.9230769230769231,0.9999481013753135,3455869.897958396,0.24717278648039265,20525725.516197495,rankweighted
0.01,0.1,0.036785261274967285,0.06394433569469093,0.8197923733233312,-0.14312573978164417,1.9693798464686305,0.9230769230769231,0.9999481013753135,3344584.2831056975,0.2467560586825041,20209629.14112924,rankweighted
0.015,0.1,0.0354366343771757,0.06315950102087176,0.7888537212564328,-0.145866550245419,1.9271479305232913,0.9230769230769231,0.9999481013753135,3178742.055274884,0.24674918027329554,19703740.681867994,rankweighted
0.02,0.1,0.034373382875679814,0.0628075608541053,0.7613634714988132,-0.1485896000370522,1.8956953039300148,0.9230769230769231,0.9999481013753135,3054421.2679740107,0.24696530417964802,19313394.033531487,rankweighted
0.03,0.1,0.032557956659024834,0.06242004356378468,0.7126572275536728,-0.15357981445817373,1.8460060070513435,0.9230769230769231,0.9999481013753135,2867472.9101488884,0.24866909006967153,18663807.11080382,rankweighted
0.05,0.1,0.02969362202026593,0.06163115380884238,0.6398919624508798,-0.165268529873862,1.75945982121898,0.9230769230769231,0.9999481013753135,2602268.467938845,0.25306145641317435,17680879.76341454,rankweighted
0.001,0.01,0.01511093626759008,0.020843241923017234,0.8356748163444505,-0.06135098404131409,0.4374846775809071,0.0,0.2026031505692572,675438.7160281054,0.16604377812750015,13392396.427481197,balanced
0.0015,0.01,0.02003008550498664,0.03165098215837851,0.7648079841050257,-0.09043561271024896,0.6433687511259575,0.0,0.2729231575575809,965803.1340755167,0.17002409683276518,14714586.599301374,balanced
0.002,0.01,0.02417241669707204,0.04240917943714973,0.7171106314515399,-0.11308943946316997,0.8449240684080513,0.0,0.333080977200594,1238984.9177141187,0.17299189023306288,15923113.352007661,balanced
0.003,0.01,0.029569747710797456,0.06338620507013287,0.6188225251502804,-0.15252731291144903,1.2153340186105257,0.0,0.42390006697143523,1716285.8465157812,0.18344648525357501,17639498.998003803,balanced
0.004,0.01,0.032975830227309544,0.08368268833737447,0.5406404374409762,-0.18754548830003884,1.5460661431467928,0.0,0.4911626823515709,2120790.298412045,0.19399383515724017,18811465.856496476,balanced
0.005,0.01,0.034461483999336684,0.10107280395008515,0.4747470039725985,-0.21755226066113467,1.795337114080212,0.32051282051282054,0.748449465684419,2406209.3625574955,0.2047547314622543,19345457.352900386,balanced
0.0075,0.01,0.03225001244126369,0.11469145880175673,0.38301899513431753,-0.29553017674073745,1.8775322497925886,0.8333333333333334,0.9829077250094633,2411842.276403269,0.21990732703760482,18555697.136191323,balanced
0.01,0.01,0.02880484897514335,0.1127532527004624,0.33633863228497674,-0.31443955219392156,1.7741168398052998,0.8974358974358975,0.9995923477855749,2225065.9451567065,0.23151061702553205,17386009.23465379,balanced
0.015,0.01,0.024539005064707187,0.11140061529033718,0.27813049107045384,-0.35204703744876537,1.6429402504140633,0.8974358974358975,0.9997088198468392,1993670.444478653,0.2483348113178657,16034484.907155784,balanced
0.02,0.01,0.023041065954115814,0.1135430850865436,0.25251175391533737,-0.3812280351012511,1.5832466688009559,0.8974358974358975,0.9998544099234197,1877072.9158489625,0.25158178324831654,15584011.474336218,balanced
0.03,0.01,0.022647190661376104,0.120510181758879,0.23295211321883233,-0.4232733540979713,1.5344302058214334,0.8974358974358975,0.9999126459540518,1761833.8777127583,0.24370386986685466,15467570.721710775,balanced
0.05,0.01,0.02422870066987559,0.1395017472610239,0.2186325608942131,-0.49987671964101166,1.5344487167507255,0.9102564102564102,1.0,1694611.2125439453,0.22195951583290857,15940164.914016202,balanced
0.001,0.05,0.0233016997466442,0.02736310605443131,1.0623400516533323,-0.05432742206950415,0.5862100213571385,0.0,0.05870191887720933,950202.8126337011,0.1437148828220325,15661518.910094004,balanced
0.0015,0.05,0.030051495772501324,0.04240455069469884,0.9445628288409068,-0.08248853493656684,0.9095988640121173,0.0,0.08907200885187666,1464436.293170559,0.15805458219217833,17800947.05009722,balanced
0.002,0.05,0.036246634743064776,0.05902276060268424,0.8704469147501629,-0.1148581788018006,1.2549482452379859,0.0,0.12072329150045133,2003022.3194522623,0.16679141808272255,20006122.6502178,balanced
0.003,0.05,0.04735190613815732,0.09837092638730147,0.7632092111699125,-0.17533114792058116,2.022476332058823,0.0,0.18297760824622195,3158624.502462075,0.1776416265574582,24622255.822006337,balanced
0.004,0.05,0.05396119862923565,0.13620788727767305,0.6721740497342311,-0.22335214226646816,2.6663827345854787,0.7051282051282052,0.8672800861893253,4070230.292496112,0.18584053481518956,27831505.496974025,balanced
0.005,0.05,0.05309467522412081,0.13669593407027064,0.6531614312029626,-0.22413456445044355,2.659060308156645,0.9102564102564102,0.9991264595405177,3995316.942454024,0.18683203907091825,27389221.610580087,balanced
0.0075,0.05,0.05094237356512399,0.13527125335435508,0.6194307903072352,-0.2235802753428222,2.575942947402973,0.9230769230769231,1.0,3755255.381402037,0.18706515560925926,26319329.69656934,balanced
0.01,0.05,0.04896854163693587,0.13357412310673264,0.5909291193043396,-0.22491037345390374,2.4938842553052436,0.9230769230769231,1.0,3552559.226355661,0.18771115425051466,25373110.058137227,balanced
0.015,0.05,0.04461174662506395,0.12860310764448252,0.5348944508092289,-0.23526992214176248,2.3239976681470362,0.9230769230769231,1.0,3203973.9246346327,0.192993411954601,23397493.92955474,balanced
0.02,0.05,0.041136317386440746,0.12504550290739402,0.48973699444826524,-0.25030913906558433,2.1943810557386603,0.9230769230769231,1.0,2956169.9227549676,0.19862363338307135,21927103.897201825,balanced
0.03,0.05,0.035758016851021424,0.12007116433335917,0.4200586886182054,-0.278859652958315,2.0101649490001283,0.9230769230769231,1.0,2621866.5684261327,0.21067528106761652,19823193.692747306,balanced
0.05,0.05,0.029231433785147587,0.11620782078164475,0.33256744740679645,-0.31517239748202247,1.803450218195754,0.9230769230769231,1.0,2256293.0550265815,0.23062830367576198,17526951.32159893,balanced
0.001,0.1,0.028109778880453407,0.030669130443868868,1.198467702362038,-0.05214878945712475,0.6516627238706661,0.0,0.03019538188277087,1061628.2603443982,0.12914730823296994,17158661.2282241,balanced
0.0015,0.1,0.036697057913100295,0.049155991198210396,1.0629280645952854,-0.08012604403806606,1.0483106205771862,0.0,0.05174271321666715,1703842.6754260655,0.14342095002554062,20176169.799199454,balanced
0.002,0.1,0.04365446234470838,0.06918671412511779,0.9635230393635407,-0.10773280479404655,1.4747448719661982,0.0,0.07145560958565064,2388377.8320670715,0.15537409335320668,22983411.50888602,balanced
0.003,0.1,0.05554211169214973,0.11539429363106485,0.8300966226687828,-0.16851053194944507,2.4208179927484004,0.0,0.11396791194712168,3879412.0967299943,0.17214788295880606,28655933.851487752,balanced
0.004,0.1,0.059751795547680286,0.1446591246217015,0.7441487004858752,-0.20838950899374675,2.9448283542086044,0.9102564102564102,0.9981946830504033,4654938.400437819,0.18168698672892786,30965709.969843503,balanced
0.005,0.1,0.05768197469882419,0.14216798583053758,0.7154059426156881,-0.21488856224139702,2.862371917491722,0.9230769230769231,1.0,4479174.307552965,0.1844193578278524,29808809.124935064,balanced
0.0075,0.1,0.05467762463187453,0.13885385351570667,0.6730758102843806,-0.22228664452741628,2.7328814296325206,0.9230769230769231,1.0,4182537.0255396124,0.18684700022984804,28202285.96008234,balanced
0.01,0.1,0.05306752398997405,0.1367673017431693,0.6523044018735507,-0.22413642678814263,2.6603772159764887,0.9230769230769231,1.0,3996706.4477333585,0.18700510706997012,27375471.61924282,balanced
0.015,0.1,0.05094237356512399,0.13527125335435508,0.6194307903072352,-0.2235802753428222,2.575942947402973,0.9230769230769231,1.0,3755255.381402037,0.18706515560925926,26319329.69656934,balanced
0.02,0.1,0.04896854163693587,0.13357412310673264,0.5909291193043396,-0.22491037345390374,2.4938842553052436,0.9230769230769231,1.0,3552559.226355661,0.18771115425051466,25373110.058137227,balanced
0.03,0.1,0.04461174662506395,0.12860310764448252,0.5348944508092289,-0.23526992214176248,2.3239976681470362,0.9230769230769231,1.0,3203973.9246346327,0.192993411954601,23397493.92955474,balanced
0.05,0.1,0.03812623984421437,0.12192392502901477,0.45164607542030183,-0.2653223563037343,2.088201680667286,0.9230769230769231,1.0,2764268.2361635994,0.20492580593385729,20724849.074204855,balanced
